Line,,1947,1947,1947,1947,1948,1948,1948,1948,1949,1949,1949,1949,1950,1950,1950,1950,1951,1951,1951,1951,1952,1952,1952,1952,1953,1953,1953,1953,1954,1954,1954,1954,1955,1955,1955,1955,1956,1956,1956,1956,1957,1957,1957,1957,1958,1958,1958,1958,1959,1959,1959,1959,1960,1960,1960,1960,1961,1961,1961,1961,1962,1962,1962,1962,1963,1963,1963,1963,1964,1964,1964,1964,1965,1965,1965,1965,1966,1966,1966,1966,1967,1967,1967,1967,1968,1968,1968,1968,1969,1969,1969,1969,1970,1970,1970,1970,1971,1971,1971,1971,1972,1972,1972,1972,1973,1973,1973,1973,1974,1974,1974,1974,1975,1975,1975,1975,1976,1976,1976,1976,1977,1977,1977,1977,1978,1978,1978,1978,1979,1979,1979,1979,1980,1980,1980,1980,1981,1981,1981,1981,1982,1982,1982,1982,1983,1983,1983,1983,1984,1984,1984,1984,1985,1985,1985,1985,1986,1986,1986,1986,1987,1987,1987,1987,1988,1988,1988,1988,1989,1989,1989,1989,1990,1990,1990,1990,1991,1991,1991,1991,1992,1992,1992,1992,1993,1993,1993,1993,1994,1994,1994,1994,1995,1995,1995,1995,1996,1996,1996,1996,1997,1997,1997,1997,1998,1998,1998,1998,1999,1999,1999,1999,2000,2000,2000,2000,2001,2001,2001,2001,2002,2002,2002,2002,2003,2003,2003,2003,2004,2004,2004,2004,2005,2005,2005,2005,2006,2006,2006,2006,2007,2007,2007,2007,2008,2008,2008,2008,2009,2009,2009,2009,2010,2010,2010,2010,2011,2011,2011,2011,2012,2012,2012,2012,2013,2013,2013,2013,2014,2014,2014,2014,2015,2015,2015,2015,2016,2016,2016,2016,2017,2017,2017,2017,2018,2018,2018,2018,2019,2019,2019,2019,2020,2020,2020,2020,2021,2021,2021,2021,2022,2022,2022,2022,2023,2023,2023,2023
Line,,Q1,Q2,Q3,Q4,Q1,Q2,Q3,Q4,Q1,Q2,Q3,Q4,Q1,Q2,Q3,Q4,Q1,Q2,Q3,Q4,Q1,Q2,Q3,Q4,Q1,Q2,Q3,Q4,Q1,Q2,Q3,Q4,Q1,Q2,Q3,Q4,Q1,Q2,Q3,Q4,Q1,Q2,Q3,Q4,Q1,Q2,Q3,Q4,Q1,Q2,Q3,Q4,Q1,Q2,Q3,Q4,Q1,Q2,Q3,Q4,Q1,Q2,Q3,Q4,Q1,Q2,Q3,Q4,Q1,Q2,Q3,Q4,Q1,Q2,Q3,Q4,Q1,Q2,Q3,Q4,Q1,Q2,Q3,Q4,Q1,Q2,Q3,Q4,Q1,Q2,Q3,Q4,Q1,Q2,Q3,Q4,Q1,Q2,Q3,Q4,Q1,Q2,Q3,Q4,Q1,Q2,Q3,Q4,Q1,Q2,Q3,Q4,Q1,Q2,Q3,Q4,Q1,Q2,Q3,Q4,Q1,Q2,Q3,Q4,Q1,Q2,Q3,Q4,Q1,Q2,Q3,Q4,Q1,Q2,Q3,Q4,Q1,Q2,Q3,Q4,Q1,Q2,Q3,Q4,Q1,Q2,Q3,Q4,Q1,Q2,Q3,Q4,Q1,Q2,Q3,Q4,Q1,Q2,Q3,Q4,Q1,Q2,Q3,Q4,Q1,Q2,Q3,Q4,Q1,Q2,Q3,Q4,Q1,Q2,Q3,Q4,Q1,Q2,Q3,Q4,Q1,Q2,Q3,Q4,Q1,Q2,Q3,Q4,Q1,Q2,Q3,Q4,Q1,Q2,Q3,Q4,Q1,Q2,Q3,Q4,Q1,Q2,Q3,Q4,Q1,Q2,Q3,Q4,Q1,Q2,Q3,Q4,Q1,Q2,Q3,Q4,Q1,Q2,Q3,Q4,Q1,Q2,Q3,Q4,Q1,Q2,Q3,Q4,Q1,Q2,Q3,Q4,Q1,Q2,Q3,Q4,Q1,Q2,Q3,Q4,Q1,Q2,Q3,Q4,Q1,Q2,Q3,Q4,Q1,Q2,Q3,Q4,Q1,Q2,Q3,Q4,Q1,Q2,Q3,Q4,Q1,Q2,Q3,Q4,Q1,Q2,Q3,Q4,Q1,Q2,Q3,Q4,Q1,Q2,Q3,Q4,Q1,Q2,Q3,Q4,Q1,Q2,Q3,Q4,Q1,Q2,Q3,Q4,Q1,Q2,Q3,Q4,Q1,Q2,Q3,Q4,Q1,Q2,Q3,Q4,Q1,Q2,Q3,Q4,Q1,Q2,Q3,Q4
1,        Gross value added of corporate business1,121,125.8,128.8,134.4,141.6,145,147.7,150,146.6,142.6,143.4,139.4,146.7,156.5,168.5,176.8,182.1,184.6,186.5,190,191.3,190.4,193.1,205.4,209.9,212.2,211.6,203,203.3,204.1,206.3,213.8,223.8,230.9,235.6,242,243.8,248.1,250.6,257.7,262.4,262.5,263.5,258.3,249.8,249.5,258.2,269.8,279.4,291.2,287.7,291.5,302.1,300.3,299.9,297.1,296.3,304.7,311.8,322.1,328,333.5,338.6,343.6,347.4,354.9,360.6,366.5,375.6,382.4,390.3,395.6,410.2,418.1,426.4,440.4,453,461.6,468.7,477,479.9,484.3,493.8,506.7,521.2,536.5,548.5,562.2,576.7,586.9,596.5,602.6,602.4,611.2,618.4,616.5,642.7,654.5,666,680.4,708,722.1,737.7,763.7,795.2,809.4,826.6,849.6,861.5,882.7,901.7,912.5,918.7,943.8,985.6,1014.1,1058.7,1074,1097,1119.5,1160.6,1216.8,1262.1,1290.6,1320.9,1399.6,1428.9,1478.2,1514.2,1546.4,1580.5,1616.4,1653.7,1655.6,1705,1795.2,1867.4,1911.8,1974.1,1987.3,1985.5,2017.1,2035.3,2036.4,2075.7,2140.7,2200.3,2273.2,2366.6,2417,2454.3,2501.1,2542.5,2580.2,2632.4,2650.8,2681.9,2687.7,2707.8,2749.8,2796.1,2865.3,2931.6,2987.6,3038.2,3111,3170,3250.8,3273.8,3303.3,3339.6,3363.9,3417,3479,3488.7,3484.6,3510.4,3540.5,3570.5,3597.3,3677.5,3724.1,3745.8,3822.1,3799.8,3893,3933.1,4049.5,4081.9,4177.1,4250.4,4330.9,4372.4,4429.1,4524.4,4571.1,4654.7,4740.2,4806.3,4879.7,4992.1,5077.8,5200.8,5302,5350,5431.7,5530.3,5585.7,5699.6,5749.1,5816.4,5943.1,6143.3,6186.7,6272.7,6262,6250.1,6240.2,6178.2,6141.9,6209.2,6281.8,6310.7,6392.5,6375.1,6459.3,6581.5,6683.9,6757.4,6898.5,7051,7133.2,7273.8,7399,7528.1,7740.8,7898.5,7972.5,8098.6,8147.6,8172,8250.1,8180.7,8194.3,8193,8184.3,8185.7,7872.1,7718.8,7762.8,7815.6,7972.2,8002.4,8126.6,8376.1,8442.9,8421.1,8581.2,8677.9,8811.9,9063.2,9155.2,9150.2,9327.4,9347.7,9411.1,9454.8,9614.2,9709.3,9977.3,10187.4,10312,10390.7,10489.7,10525.4,10552.3,10597.8,10612.1,10710.2,10817.4,10935.8,11054.2,11160.7,11380.1,11563.1,11730.3,11909.4,11982.6,12162.4,12245.1,12391.4,12520.4,12344.1,11136.4,12162.5,12736.9,13100.4,13585.9,13919.5,14368.3,14690.2,15063,15343.4,15333.5,15495.2,15609.3,15839.7,16135.6
2,Consumption of fixed capital,9,9.6,10.1,10.5,11,11.4,11.7,11.9,12.1,12.3,12.5,12.7,12.8,13,13.4,13.9,14.5,15,15.4,15.6,15.8,16,16.2,16.5,16.8,17.2,17.5,17.7,18,18.2,18.5,18.7,18.9,19.3,19.7,20.3,21.1,21.8,22.4,23.1,23.7,24.3,24.9,25.4,25.8,26.2,26.6,26.9,27.2,27.5,27.8,28,28.2,28.4,28.6,28.8,29.1,29.4,29.7,30,30.3,30.6,31,31.4,31.8,32.2,32.6,33.1,33.6,34.1,34.7,35.3,36,36.7,37.5,38.4,39.4,40.3,41.4,42.4,43.4,44.5,45.6,46.8,48,49.3,50.6,52,53.5,54.9,56.4,58,59.5,61.1,62.6,64.1,65.5,66.9,68.3,69.7,71,72.5,74.2,76,78,80.4,83.2,86.3,89.8,93.7,98,102.7,107.8,112.1,115.7,118.5,120.6,123.2,126.3,129.9,134,138.2,142.6,147,151.5,156.4,161.7,167.4,173.6,179.9,186.5,193.4,200.5,208,215.8,224,232.6,241,249,256.9,264.5,270.8,275.6,279.1,281.3,284,287.2,291,295.4,300.3,305.6,311.4,317.7,323.9,330,335.9,341.8,347.4,352.7,357.7,362.4,367.8,374,380.9,388.8,396.4,403.6,410.5,417.1,423.7,430.5,437.3,444.3,451.2,458.2,465.1,472.1,477.9,482.5,486,488.4,491.7,496,501.3,507.5,513.8,520.4,527.1,533.9,542.1,551.7,562.6,574.9,586,596,604.8,612.4,621,630.6,641.3,653,664.5,675.8,686.9,697.8,709,720.6,732.6,744.9,759.7,777,796.8,819.1,835.8,847,852.5,871.3,886.8,894.2,902.1,907.9,911.1,917.2,922.2,923.9,929,934.9,942.2,953.5,965.4,977.1,996,1014.8,1032.8,1049,1071.7,1090.3,1109.3,1128.4,1149.2,1168.1,1182.8,1195.9,1208.9,1228.9,1247.7,1269.3,1281.1,1276.3,1262.8,1255.9,1259.7,1261.1,1266.9,1271.3,1283.6,1299.8,1317.5,1333.2,1347.7,1369,1385.5,1401.3,1412.3,1423,1439,1454.2,1474.5,1495.9,1514.2,1534.7,1552.4,1569.5,1582.6,1595.3,1601.6,1606.1,1623.2,1635.1,1655.2,1675.8,1698,1721.3,1742.1,1760.1,1783.1,1805.1,1826,1857.4,1886.7,1907.5,1922.2,1945,1964.2,1975.9,1997.5,2010.8,2045.5,2093.6,2147.4,2202.3,2264.2,2325.4,2363.8,2422.8,2457.3,2485.3,2521.7
3,Net value added,112,116.3,118.7,123.9,130.7,133.6,136,138,134.5,130.3,130.9,126.7,133.9,143.5,155,162.9,167.5,169.6,171.1,174.3,175.5,174.4,176.9,188.9,193.1,195,194.2,185.3,185.3,185.8,187.8,195.2,204.8,211.6,215.9,221.6,222.8,226.3,228.2,234.6,238.6,238.2,238.7,232.9,224,223.2,231.6,242.9,252.2,263.7,259.9,263.5,274,272,271.4,268.3,267.2,275.3,282.1,292.1,297.7,302.9,307.6,312.3,315.7,322.7,328,333.4,342,348.3,355.6,360.3,374.2,381.4,388.9,402,413.7,421.2,427.4,434.6,436.5,439.8,448.1,459.9,473.2,487.2,497.9,510.2,523.2,531.9,540.1,544.6,542.9,550.1,555.9,552.5,577.2,587.6,597.7,610.7,637,649.6,663.5,687.7,717.2,729,743.5,763.3,771.7,789,803.7,809.8,811,831.7,869.9,895.5,938.1,950.8,970.7,989.6,1026.6,1078.6,1119.5,1143.6,1169.4,1243.1,1267.2,1310.7,1340.6,1366.5,1393.9,1423,1453.2,1447.7,1489.2,1571.2,1634.8,1670.8,1725,1730.4,1720.9,1746.4,1759.6,1757.2,1794.4,1856.7,1913.1,1982.2,2071.2,2116.8,2148.7,2189.7,2224.8,2256.4,2302.4,2314.9,2340.1,2340.3,2355.1,2392.1,2433.7,2497.4,2557.6,2606.7,2649.4,2714.6,2766.4,2840.3,2856.7,2879.5,2909.2,2926.6,2972.7,3027.8,3030.6,3019.4,3038.3,3062.7,3088,3111.3,3189.1,3232.3,3249.8,3320.9,3292.4,3379.2,3412.7,3522.5,3548,3634.9,3698.8,3768.3,3797.4,3843.1,3928.4,3966.3,4042.3,4119.2,4175.7,4238.3,4339,4413.3,4525,4615.1,4652.3,4722.7,4809.7,4853.1,4954.7,4989.4,5039.4,5146.2,5324.2,5350.9,5425.8,5409.5,5378.8,5353.3,5284,5239.8,5301.3,5370.7,5393.5,5470.3,5451.1,5530.3,5646.6,5741.7,5803.9,5933.1,6073.9,6137.2,6259,6366.2,6479.1,6669.1,6808.2,6863.2,6970.2,6998.4,7003.9,7067.2,6984.8,6985.3,6964.1,6936.6,6916.4,6591,6442.6,6499.9,6559.7,6712.5,6741.3,6859.7,7104.8,7159.3,7121.3,7263.7,7344.7,7464.3,7694.2,7769.7,7748.9,7915.1,7924.7,7972,8000.6,8139.7,8213.5,8463.1,8652.6,8759.6,8821.2,8907.1,8930.1,8950.8,8991.8,8988.8,9075.1,9162.2,9260,9356.2,9439.4,9638,9803,9947.3,10104.3,10156.6,10305,10358.4,10483.9,10598.2,10399,9172.2,10186.6,10739.4,11089.6,11540.5,11825.9,12220.8,12487.9,12798.8,13018,12969.7,13072.4,13152,13354.4,13613.9
4,    Compensation of employees,79.2,80.5,82.8,86,89,89.8,92.6,93,91.1,89,88.1,87,90.6,95.6,101.6,106.7,111.3,114.5,115.4,117,119.9,120.1,122.5,129.5,132.4,134.9,135,133.6,131.8,131.1,131.3,134.7,138.3,142.9,146.6,150.7,153.8,156.8,158.6,163.4,165.7,166.5,167.7,166.1,162,160.2,164.3,169.4,174.6,181.1,181.5,184,190.1,191.6,191.1,190,189.8,193.3,197.1,202,205.9,210.5,212.7,214.8,217.3,220.9,224.3,228.1,232,236.9,241.9,246,251.6,256.3,261.7,269.8,277.5,285.7,292.8,298.2,301.3,304.3,310.7,317.3,327.8,336.1,344.1,352.8,363.9,373.3,382.5,390.2,394.4,396.5,400.8,400.3,411.3,418.7,424.3,432.3,452.8,462.8,471.2,486,507.1,519.8,531.7,545.6,558.2,572,586.7,592.4,589.7,596.1,613.3,632.1,658.8,673.7,690.5,708.1,733.8,761.6,784,807.3,836.9,873.1,899,929.9,965.3,989.2,1018.2,1045.1,1072.9,1084.3,1104.4,1146.5,1186.2,1209.2,1236.2,1250.7,1259.3,1270.4,1282.6,1288.1,1305.3,1333.5,1365.1,1408.1,1452.1,1487.7,1518.7,1545.8,1573.2,1599.5,1627.4,1663.7,1690,1706.2,1732.1,1765.1,1795.6,1825.8,1860.1,1909.1,1939,1986.2,2022.4,2061.6,2083.2,2103.2,2127,2163.9,2195.8,2232,2256.4,2255.4,2239.1,2263.4,2289.7,2319.1,2370.5,2408.3,2432.1,2471,2459.9,2504.8,2527.6,2570.7,2581.4,2639.8,2666.7,2708.1,2741.6,2768.6,2804,2837.4,2877.5,2932.3,2979.4,3025.6,3090.4,3140,3198.8,3277.1,3354.5,3417.4,3479,3539,3608.6,3643.1,3694.9,3790.6,3945.7,3967.4,4051,4071.6,4057.7,4029,3990.3,3978.2,3941.3,3979.5,3982,3988.2,3947.1,4007.3,4066.4,4142.7,4116.9,4206,4303.7,4334.2,4345.8,4397.6,4483,4545.6,4620,4647.8,4678.8,4778.3,4859.9,4878.1,4890.5,4948.5,4963.8,4946.1,4944.5,4906.9,4598.9,4611.6,4592.7,4626.8,4576.7,4685,4747.4,4793.9,4885.6,4907.6,4975.6,4943.1,5081.9,5155.4,5164.3,5329.1,5292.9,5348,5359.5,5426.6,5555.8,5593.3,5668,5775.8,5857,5925.6,5985.7,6031,6032.2,6067.6,6130,6209.1,6299.4,6374.2,6467.4,6587.5,6673,6734.2,6834.8,6880.6,7047.3,7083.6,7103.9,7196.3,7260.2,6798.7,7142.6,7466.2,7544.2,7766.3,7972.4,8217.6,8326,8402.8,8615.5,8640.1,8830.5,8963.4,9087.1,9175.2
5,        Wages and salaries,75.2,76.5,78.6,81.7,84.8,85.6,88.4,88.7,86.8,84.6,83.6,82.5,85.5,90.2,95.8,100.5,104.6,107.6,108.3,109.7,112.5,112.7,115,121.7,124.4,126.7,126.8,125.3,123.2,122.6,122.6,125.9,129,133.2,136.6,140.5,143.1,145.8,147.3,151.8,153.5,154.1,155.1,153.4,149.6,147.8,151.8,156.4,161.1,166.5,166.5,168.5,174,175.2,174.8,173.8,173.6,176.7,180,184.4,187.5,191.5,193.3,195,197.2,200.3,203.4,206.8,210.3,214.7,219.2,222.9,228,232.1,236.8,243.7,249.8,256.8,262.8,267.6,270.8,273.5,279.2,284.8,294.2,301.7,308.9,316.9,325.8,334.4,342.6,349.4,353,354.5,358.5,357.9,367,373.8,378.7,385.3,401,409.6,417.3,431.1,446.6,458.8,470.1,482.8,492.9,505,517.3,520.4,514.2,517.9,532.5,549.1,570.9,583.9,597.9,612,630.7,654.1,673,693.1,714,746.3,768.9,795.7,822.8,842.8,867.3,889.7,911.7,919.9,936.5,974.2,1003.8,1023.8,1047.3,1058.9,1062,1070.1,1078.9,1081.4,1091.7,1115.4,1142.6,1180.9,1214.3,1245.5,1272.2,1295.1,1317.4,1338.4,1360.3,1389.5,1407.6,1418.2,1438,1465.3,1491.5,1517.3,1546.9,1590.5,1613.1,1653.8,1683.2,1714.2,1730.8,1743.6,1760.8,1790.8,1814.9,1847.5,1868.7,1866.1,1847.2,1865.6,1884.2,1904.2,1940.8,1968.5,1984.2,2017.8,2001.9,2040.4,2058.5,2095.4,2098.3,2151.4,2176,2215.6,2252.2,2278.6,2311.7,2341.9,2378.9,2428.4,2471.4,2514.3,2575.6,2620,2670.6,2737.2,2804.3,2856.4,2909.3,2962.7,3028.7,3058,3100.9,3182.1,3314.6,3326.8,3398.9,3414.8,3389,3364.9,3332.6,3322.6,3269.3,3301.1,3303.1,3308.2,3258.3,3308,3356.8,3419.8,3400.3,3473.9,3554.5,3579.7,3583.6,3626.3,3696.8,3748.4,3833.1,3856.2,3882,3964.5,4041.1,4056.2,4066.5,4114.8,4125.9,4111.2,4109.9,4078.6,3806.8,3817.3,3801.7,3829.9,3794,3883.7,3935.5,3974,4060.7,4078.9,4135.4,4108.4,4239.2,4300.5,4307.9,4445.4,4408.9,4453.8,4463,4519.4,4644.1,4676.4,4739.3,4829.6,4906.9,4964.1,5014.2,5051.9,5065.4,5095.2,5147.7,5214.3,5284.2,5346.9,5425.2,5526.1,5593.8,5644.3,5726.8,5762.2,5915.4,5944.8,5963.6,6046.2,6117.2,5734.6,6028.7,6315.7,6369.4,6575.2,6764.7,6988.2,7072.4,7137.7,7330.5,7346.8,7507.7,7624.5,7732.2,7806.8
6,        Supplements to wages and salaries,4,4.1,4.2,4.3,4.2,4.2,4.2,4.3,4.3,4.4,4.4,4.5,5.1,5.4,5.9,6.2,6.7,7,7.1,7.3,7.4,7.4,7.6,7.8,8,8.1,8.3,8.3,8.5,8.5,8.6,8.8,9.3,9.7,10,10.2,10.7,11,11.3,11.6,12.2,12.4,12.6,12.7,12.4,12.4,12.6,13,13.5,14.6,15,15.5,16.1,16.3,16.3,16.2,16.2,16.6,17,17.7,18.4,19,19.5,19.8,20.1,20.6,21,21.3,21.7,22.2,22.7,23.1,23.6,24.2,25,26.1,27.6,28.9,29.9,30.7,30.6,30.9,31.6,32.4,33.6,34.4,35.2,36,38.1,39,39.9,40.8,41.4,42,42.3,42.4,44.2,44.9,45.7,47,51.7,53.1,53.9,54.8,60.5,61,61.6,62.8,65.2,67,69.4,72,75.5,78.2,80.8,83,87.9,89.8,92.6,96.1,103.1,107.6,111.1,114.2,122.9,126.8,130.1,134.2,142.5,146.4,151,155.4,161.1,164.4,167.8,172.2,182.4,185.4,188.9,191.7,197.3,200.4,203.7,206.7,213.7,218.1,222.4,227.2,237.7,242.1,246.5,250.8,255.8,261.1,267.1,274.2,282.3,288.1,294.1,299.8,304.1,308.5,313.1,318.6,325.9,332.4,339.3,347.4,352.4,359.6,366.2,373.1,381,384.6,387.7,389.4,391.9,397.8,405.5,414.9,429.7,439.9,447.9,453.2,458,464.4,469.1,475.2,483.2,488.4,490.6,492.6,489.4,490,492.3,495.5,498.6,503.9,507.9,511.3,514.8,520,528.2,540,550.2,561,569.7,576.3,579.8,585.1,594.1,608.6,631.1,640.6,652.1,656.8,668.8,664,657.7,655.7,672,678.5,678.9,679.9,688.8,699.3,709.6,722.9,716.6,732.1,749.1,754.5,762.1,771.2,786.2,797.2,786.9,791.6,796.9,813.8,818.8,821.9,824,833.7,837.9,834.9,834.7,828.3,792,794.2,791,796.9,782.8,801.3,812,819.9,825,828.7,840.2,834.7,842.7,854.9,856.3,883.7,884,894.2,896.4,907.2,911.7,916.9,928.7,946.3,950.1,961.5,971.5,979.1,966.8,972.3,982.2,994.8,1015.2,1027.2,1042.2,1061.4,1079.2,1089.9,1108,1118.4,1131.8,1138.8,1140.3,1150.2,1143,1064.1,1114,1150.5,1174.8,1191.1,1207.7,1229.5,1253.5,1265.1,1285.1,1293.4,1322.8,1338.9,1354.9,1368.4
7,    Taxes on production and imports less subsidies,11.2,11.3,11.5,12.1,12.2,12.7,12.9,13.1,13.1,13.3,13.6,13.5,13.8,14.5,15.8,15.1,16.2,15.4,15.6,16.1,16.6,17.2,17.5,18,18.3,18.6,18.6,18.4,18,17.9,17.8,18.1,18.9,19.7,20.2,20.5,20.8,21.2,21.7,22.4,22.7,23,23.1,22.5,23,22.9,23.1,23.7,24.4,24.9,26,26.9,27.1,27.5,28.2,28.5,28.7,28.7,29,29.3,30,30.9,31.7,32.3,32.7,33,33.3,33.7,34.4,35.2,36,36.8,37.3,37.7,38.1,38.2,38.5,38.8,39,39.3,39.8,40.5,41.8,43.4,45.3,47.1,48.8,50.2,51.3,52.5,53.5,54.3,55.4,56.3,57.5,58.7,60.5,62.1,63.8,64.9,65.4,66.3,67.8,69.6,71.6,73.4,75.2,76.3,76.9,77.9,79,80.7,82.1,83.6,85.3,87,88.5,90.4,92.3,94.4,96.1,98.2,101.1,104.6,108.2,112.1,105.4,109.2,111.2,113.3,116.3,119.3,121.5,125,130.5,137.3,145.5,153.5,158,160.6,160.4,160,161,163.8,168.7,174.5,180.6,186,190.1,193.9,197.5,200.9,204,207.9,211,213.3,215.1,218,220.9,224.5,227.7,231.4,234.8,239.6,245.4,251.2,253.4,258,261.8,266.1,269.4,272.9,276,281.4,287.3,293.2,300.2,305.2,310.5,315.8,319.8,323.5,327.9,332.4,334.5,340.1,345.3,355.2,366.8,375.2,379.6,382.7,381.9,381.7,385.7,389.6,390.5,396,399.7,407.4,406.4,415.7,420.3,425.4,423.7,428.2,433.3,437.9,443.4,449.5,457.4,465.3,473,478.9,481.5,485.4,471.6,465.2,455.6,485.2,485.9,492.2,502.5,509.4,515.5,513.1,532.6,535.9,555.8,564.2,571.5,586,598.6,612.6,622.3,631.5,643.8,650.9,659.5,663.9,669.1,673.7,675.7,686.7,682.5,688.4,690.7,678.3,651.3,652,649.3,669.3,673.7,684.2,688.5,693.4,710.6,719.7,719,725.5,739.7,741,740.6,751.4,769.6,772.3,779.7,785.1,798.5,811,818.2,824.1,825.6,833.2,836.3,844.4,841.1,844,858.7,863.1,866.7,877.7,889.9,904.2,927,938.7,953.8,973.1,977.2,987.6,1003.1,1003.8,996,322.2,337.2,782.3,825.3,747.9,865.8,1007.1,1131.1,1171.1,1185,1184.6,1192.8,1185.9,1187.3,1202.6
8,    Net operating surplus,21.6,24.5,24.4,25.7,29.4,31.1,30.4,31.9,30.3,28,29.3,26.2,29.4,33.3,37.6,41.1,40,39.7,40.1,41.2,38.9,37,36.9,41.4,42.4,41.6,40.5,33.3,35.6,36.8,38.8,42.3,47.6,49.1,49.1,50.4,48.1,48.3,47.8,48.8,50.2,48.7,47.9,44.3,39,40.2,44.2,49.9,53.1,57.7,52.5,52.6,56.7,52.9,52.1,49.8,48.7,53.3,56.1,60.8,61.7,61.5,63.2,65.1,65.7,68.9,70.3,71.6,75.6,76.3,77.8,77.6,85.3,87.4,89.1,94,97.7,96.8,95.6,97.1,95.3,94.9,95.6,99.2,100.1,104.1,105,107.2,108,106.1,104.1,100.1,93.1,97.3,97.6,93.4,105.5,106.9,109.6,113.4,118.8,120.5,124.6,132.1,138.4,135.8,136.6,141.4,136.7,139,138,136.7,139.1,152,171.4,176.4,190.8,186.7,187.8,187,196.6,218.7,234.3,231.7,224.4,258,262.8,271.6,264.2,264,259.5,258.6,258.8,238.3,254.4,287.4,303.1,308.1,330.9,319.1,301.2,315.9,316.1,305.4,320.4,348.7,367.4,388.1,429,435.2,432.5,443,447.6,449,464.1,437.9,435,416.1,402.2,402.5,410.4,440.3,462.7,458,465,477.3,490.5,520.6,511.7,510.2,512.7,489.8,500.9,514.4,486.9,470.8,499,494.1,487.8,476.3,498.8,500.5,489.8,517.5,498,534.3,539.8,596.6,599.7,619.9,652.5,677.4,673.9,692.7,738.7,739.3,774.3,790.9,796.6,805.3,842.3,857.6,905.9,912.6,874.1,877.1,897.4,876.2,902.7,896.7,887.1,890.3,905.5,904.6,893.2,852.5,849.4,859.2,838.1,776.4,874.1,898.9,909,972.8,988.5,1009.9,1047.6,1063,1131.1,1162.9,1198.7,1217,1314.6,1356,1373.7,1492,1544.5,1564.5,1631.9,1556.2,1475,1515.5,1418.6,1350.1,1317.8,1302.1,1281.2,1005.9,1192.4,1236.4,1317.8,1416.5,1490.9,1490.6,1668.8,1672,1525.1,1636.4,1650.2,1795.7,1872.6,1873.2,1843.9,1834.7,1862.1,1851.8,1861.5,1928,1859.2,2058.8,2166.5,2159.7,2138.6,2148.3,2108.1,2075.5,2118.5,2077.2,2086.5,2090,2093.9,2104.3,2082.1,2146.3,2203,2274.3,2315.7,2302.8,2280.6,2287.3,2376.9,2398.1,2142.8,2051.3,2706.8,2491,2720.1,3026.2,2987.7,2996.1,3030.8,3224.9,3217.4,3144.9,3049.1,3002.7,3079.9,3236.2
9,        Net interest and miscellaneous payments,0.4,0.3,0.3,0.2,0.1,0,0,0,0,0,-0.1,-0.1,-0.1,-0.1,-0.1,-0.2,-0.2,-0.2,-0.2,-0.3,-0.3,-0.3,-0.3,-0.2,-0.1,-0.1,0,0,0.1,0.2,0.2,0.2,0.2,0.2,0.1,0.1,0.1,0,0,0,0,0.1,0.2,0.3,0.6,0.6,0.6,0.4,0,-0.2,-0.3,-0.3,-0.3,-0.3,-0.2,0,0.2,0.4,0.5,0.6,0.8,0.8,0.8,0.7,0.5,0.4,0.3,0.4,0.6,0.8,0.9,1,1.1,1.2,1.3,1.5,1.7,2.1,2.5,3,3.7,4.1,4.2,4.1,3.8,3.8,4.3,5.2,6.6,7.9,9.1,10.4,11.6,12.4,12.9,13,12.9,12.7,12.5,12.4,12.4,12.4,12.4,12.5,12.9,13.7,15.2,17.2,19.9,22.2,24.2,26,27.5,28,27.5,26,23.5,22.2,22.1,23.1,25.4,27.2,28.6,29.5,30.1,30.5,30.8,31.1,31.8,33.6,37,42.1,50.1,56.8,63.4,69.8,76.4,82.4,87.8,92.6,96.9,98.9,98.8,96.7,93.1,91.9,93.2,97.1,103.5,107.5,109.3,108.9,106.2,104.2,102.8,102,102.1,101.4,100.2,98.5,96.3,94.9,94.4,94.9,97,99.9,104.2,109.8,116.3,120.7,123.1,123.5,122,119.1,115.5,107.4,97.7,87.5,78.1,70.2,64.5,59.5,57.2,56.7,57.8,57.8,56.6,54.3,50.9,48.8,48.1,48.4,50.5,51.3,51.2,49.1,46.5,45.2,46,47.9,54.4,57.7,64.8,74.8,98.6,97.2,95.6,92.5,88.5,89.7,96.1,107.1,123.2,134.2,141.8,144.1,141.8,135,124.6,108.8,92,79.6,72.6,69.8,71.8,68.5,56.6,38.3,12,-4,-11.1,-7.2,5.2,17.9,30.9,43.1,56.9,68.6,76.1,83.7,90.3,101.3,119.6,142.4,169.8,185.2,183.8,167.3,141.4,121.6,106.6,99.7,97.2,95.3,92,88.4,83.6,86.3,96.9,113.7,138.2,153.2,157.9,153.1,136.8,127.1,123.1,126.7,135.2,147.1,162.2,180,201.7,217.1,226.2,229,225.5,226.5,232.1,242.2,251.5,262.2,274.2,287.5,302.1,308,305.1,293.6,273.3,261.8,259.1,265.1,280.2,288.8,295.5,299.2,299.6,298.6,296.1,292,286.1,276.8,264.3,248.5,235.5,201.2,168.7,169.8
10,        Business current transfer payments (net),0.7,0.6,0.5,0.5,0.6,0.6,0.6,0.6,0.5,0.5,0.5,0.6,0.6,0.6,0.7,0.8,0.9,1,1,1.1,1.1,1.1,1,1,1,1,1,0.9,0.8,0.7,0.7,0.7,0.9,1,1.2,1.3,1.4,1.4,1.4,1.5,1.6,1.6,1.6,1.6,1.5,1.5,1.4,1.3,1.3,1.4,1.4,1.4,1.5,1.5,1.5,1.5,1.6,1.6,1.7,1.7,1.8,1.8,1.9,2,2.2,2.3,2.3,2.4,2.5,2.6,2.9,3,3.2,3.2,3.1,3,3,2.9,2.8,2.9,3,3.1,3.2,3.3,3.4,3.6,3.8,4,4.2,4.3,4.3,4.3,4,3.9,3.6,3.5,3.4,3.4,3.4,3.5,3.7,3.8,4,4.1,4.5,4.8,4.8,5.1,5.7,6,6.5,6.9,7.7,8.4,8.5,8.4,8.2,7.9,7.4,6.8,6.3,5.8,5.9,6.1,6.8,7.5,8.2,9,10.1,10.7,11.1,11.4,11.5,11.6,11.8,13.2,13.6,13.9,14.5,15.1,16,16.5,16.8,17.2,17.8,18.6,19.8,21.8,24.4,26.4,27.9,28.9,30,34.4,29.8,29.3,36.2,28.3,26.4,26.3,25.7,25.7,24.1,24.2,23.9,25,27,29.5,32.2,33.1,34.7,34.6,34.5,33.9,33.6,34,34.3,33.4,33.3,33.6,33.5,33.1,33.2,36.1,33.6,31.8,30.9,30.7,31.3,31.9,32.5,33.2,34.4,35.7,37.7,39.9,43.9,45.5,44.5,41.1,34.6,32,33.1,37.8,46.9,50.3,52.7,61.4,52.4,52.9,53.3,56.8,67.5,71.3,73.9,76.9,85,86.1,85.8,82.4,70.5,63.3,57.9,54.7,53.9,50,49.1,48.2,54.5,53.4,50.9,59.6,51.5,61.2,55.6,53.6,42.1,42.8,50,51.2,68.3,66.5,69.9,68.8,94.3,89.9,89.2,105.8,97.5,111.4,88,89.3,98.2,95.3,101.3,99.8,118,106.2,106.1,97,74.4,57.5,41.4,39.3,52.5,59.2,62.3,86.6,73.7,79.6,139.4,95.3,89,99.5,102.9,193.5,135.2,141.9,123.4,147.7,121.3,118.6,89.9,116.1,128.6,120.3,141.7,118.2,136.3,128.9,142.9,126.4,111.2,117.6,127.2,132.1,140.2,147.6,150.5,149.1,140.2,166.5,144.2,148,140.5,143.5,153.4,166.2
11,        Corporate profits with IVA and CCAdj,20.6,23.5,23.6,25,28.8,30.5,29.9,31.4,29.8,27.5,28.8,25.6,28.9,32.8,37,40.4,39.2,38.9,39.3,40.4,38.1,36.2,36.2,40.6,41.5,40.6,39.6,32.3,34.7,36,38,41.4,46.6,47.9,47.8,49,46.7,46.9,46.4,47.3,48.6,47,46.1,42.4,36.9,38.1,42.3,48.1,51.8,56.5,51.4,51.5,55.5,51.6,50.7,48.3,46.9,51.3,53.9,58.5,59.2,58.9,60.5,62.5,63.1,66.3,67.6,68.7,72.5,72.9,74,73.6,81.1,83.1,84.6,89.5,93,91.9,90.3,91.2,88.6,87.7,88.2,91.8,92.9,96.6,96.9,98,97.2,93.9,90.7,85.5,77.5,81.1,81.1,76.9,89.1,90.8,93.7,97.6,102.7,104.3,108.2,115.5,121,117.2,116.6,119.1,111.1,110.8,107.3,103.8,103.9,115.6,135.4,142,159.1,156.6,158.4,157.1,165,185.7,199.9,196.1,187.5,220,223.8,231.5,222.3,219.7,211.3,205.2,197.2,169.9,179.2,204.4,213,211.8,228.6,211.4,188.2,200.5,200.4,191.5,209.5,238.3,254.4,269.2,301.1,301.2,295.3,305.2,311.4,310.3,331.5,306.6,296.7,286.4,275.6,277.7,288.4,319.7,344.2,338.9,344.1,352.3,359.3,381.4,363.2,356.4,355,331.8,344.4,361.4,337.8,329.4,367,373.1,376.3,372.6,400.9,407.8,399.3,424.7,406.5,444.7,452.4,511.6,517.5,539.2,571.9,595.8,588.9,605.8,649.9,650.3,683.8,700.2,706,716.3,753.3,767.9,808.1,799.9,728.6,729.6,749.1,722.4,761.9,754.1,737.7,726.5,714.8,699.1,677.6,631.5,622.6,638,627.7,585.2,711.7,756,778.5,848.2,862.8,891.4,941.8,976.6,1064.6,1113.5,1158.9,1164.7,1257.9,1276.9,1287.2,1395.3,1445.4,1453.1,1505.8,1421.3,1316.3,1347.7,1229.2,1138.9,1053.8,1027,1008.2,732.8,953.5,1003.3,1123.2,1227.5,1295.5,1300,1475.5,1483.8,1323.4,1443.9,1447.1,1585,1660,1662.6,1644.6,1642.3,1672.8,1665.6,1676.1,1714.8,1650.3,1832.1,1864.9,1884.5,1847.9,1831.7,1779,1653,1757.8,1708.7,1731,1700.1,1721.1,1723.6,1718,1742.7,1772.4,1846,1868.8,1891.1,1871,1896.6,1975,2006.6,1751.4,1644.9,2284,2059.6,2280.4,2580,2541.1,2555,2604.4,2781.5,2809,2748.4,2673.1,2658,2757.8,2900.3
12,            Taxes on corporate income,11.5,10.9,10.7,11.7,12,12.6,12.4,12,10.8,9.5,9.9,9.7,13.4,16.1,19.7,21.6,26,22,19.9,21.3,19.5,18.4,18.3,20.2,21.3,21.4,20.9,16.2,16.1,16.6,17.7,19,21.1,21.4,21.9,22.8,21.7,22.1,20.7,21.9,22.3,21.4,20.9,19,16.3,16.7,18.9,21.8,22.8,25,22.1,21.4,24.2,22.1,21.1,20.1,20,21.4,22.7,24.7,23.1,22.9,23.6,23.6,23.7,25.4,26.1,26.7,26.4,26.4,27,26.5,28.3,29.2,29.8,31.7,32.7,32.6,32.2,31.4,30.6,30.3,30.6,32.4,36.5,37.1,37.1,38,38.7,37.5,36.1,35.6,31.1,31.2,32.1,30.7,34.4,35.3,34.6,35,37.1,37.5,38.8,43.1,46,46,44,46.5,44.6,46.7,51.5,46.2,38.3,41.4,52,53.3,60.8,59.4,59,58.5,62.9,68.4,70.8,71.8,66.2,80,80.2,85,81.9,82.1,81,77.9,85.4,64.9,72.1,79.5,78.1,69.1,71.6,62.4,50.6,52.7,53.2,48.6,50.2,65.3,74,76.1,88.4,87.1,74.7,75.6,80.5,78.8,84.7,82.4,87.8,88.4,90,101.2,101.5,115.1,119.9,114.3,112.6,120,129.1,135.4,137.2,123,118.9,118.6,116.8,121.7,125.1,123.7,120.2,116,116.9,118.2,130.4,132.4,127.8,137.1,141.7,154.1,146.4,178,155.9,164.1,180.2,190.4,194.7,191,198,194,201.7,213.4,213.7,216.8,218.2,222.5,234.2,224.2,222.1,218.9,225.5,220.7,226.5,223.6,227.6,231.9,243.3,241.7,222.8,226,188.6,182.7,162.8,146.5,147.4,153.7,161.8,179.9,199.9,196.5,217.7,241,251.4,271.6,292.7,298.3,375.7,364,370.2,409,421.4,432.6,451.3,415.3,418.6,413.3,376.5,358.7,298,285.2,270.7,169.8,172,195.3,206.4,242,256.3,262.2,279.2,291.3,285.1,285.1,256.4,296.4,319.9,334.2,341.7,342.5,360.5,357.2,364.3,367.6,403.6,425,397.5,401.4,413.7,419.4,391.4,360,374.6,378.4,386.5,364.6,278.9,291.1,309.7,309,282.4,302,299.4,305.9,287.2,298.6,285.8,318.1,268.6,276.2,339,346.2,351.8,392.2,405.7,468.7,529.1,547.4,544.7,548.3,576.5,570.3,582.8,611.1
13,            Profits after tax with IVA and CCAdj,9.1,12.6,12.9,13.3,16.8,17.8,17.5,19.4,18.9,18,18.9,15.9,15.5,16.7,17.3,18.8,13.2,16.9,19.4,19.1,18.6,17.9,17.8,20.4,20.2,19.2,18.7,16.1,18.6,19.4,20.3,22.3,25.4,26.5,25.9,26.3,25,24.8,25.7,25.5,26.3,25.6,25.3,23.5,20.6,21.4,23.3,26.3,29,31.6,29.3,30.1,31.4,29.5,29.6,28.1,26.9,29.9,31.2,33.7,36,36,37,38.9,39.3,40.9,41.5,42,46.1,46.5,47,47.1,52.7,53.9,54.9,57.8,60.3,59.3,58.1,59.7,58,57.4,57.6,59.4,56.4,59.6,59.8,60,58.5,56.4,54.6,49.9,46.4,49.9,49,46.3,54.8,55.5,59.1,62.6,65.5,66.9,69.5,72.4,75,71.2,72.6,72.6,66.5,64.1,55.7,57.7,65.6,74.2,83.4,88.7,98.3,97.2,99.4,98.7,102.1,117.3,129,124.3,121.3,140,143.5,146.5,140.3,137.5,130.3,127.3,111.8,105,107,124.9,134.9,142.7,157,149,137.6,147.8,147.2,142.9,159.2,172.9,180.5,193.1,212.7,214.1,220.5,229.6,230.9,231.5,246.8,224.3,208.8,198,185.6,176.5,186.9,204.6,224.3,224.7,231.5,232.3,230.2,246,226,233.4,236.1,213.1,227.6,239.8,212.6,205.7,246.9,257.1,259.4,254.4,270.5,275.5,271.5,287.7,264.8,290.6,306,333.6,361.6,375.1,391.7,405.4,394.2,414.8,451.9,456.3,482.2,486.9,492.3,499.5,535.1,545.4,573.9,575.8,506.5,510.7,523.6,501.7,535.4,530.5,510.1,494.6,471.5,457.4,454.8,405.5,434,455.3,464.9,438.7,564.3,602.3,616.7,668.4,662.9,695,724.2,735.5,813.2,841.9,866.2,866.3,882.2,912.9,916.9,986.3,1024,1020.4,1054.5,1006,897.7,934.4,852.6,780.2,755.8,741.7,737.5,562.9,781.5,808,916.8,985.5,1039.2,1037.7,1196.3,1192.5,1038.3,1158.8,1190.8,1288.6,1340.1,1328.4,1302.9,1299.8,1312.2,1308.4,1311.8,1347.1,1246.7,1407.1,1467.4,1483,1434.2,1412.3,1387.6,1293.1,1383.3,1330.3,1344.5,1335.4,1442.2,1432.5,1408.3,1433.7,1489.9,1544.1,1569.4,1585.2,1583.8,1598,1689.2,1688.5,1482.8,1368.8,1945,1713.5,1928.6,2187.8,2135.3,2086.3,2075.3,2234.1,2264.2,2200.1,2096.6,2087.7,2175,2289.2
14,                Net dividends,5.4,5.7,5.9,5.8,6.4,6,6.4,6.7,6.6,6.5,6.4,6.9,7.6,7.8,8.2,8.7,7.6,7.7,7.7,7.7,7.3,7.9,7.8,8,7.6,8.3,8.3,8.1,8.4,7.8,8.2,8.1,8.7,8.9,9.5,9.5,9.7,9.8,9.7,10.3,10.3,10.3,10.5,10.5,10.5,10.5,10.3,10.1,11,11.5,11.9,12.1,12.2,12.2,12.6,12.2,11.9,12.1,12.1,12.7,13,13.2,13.4,13,13.8,14.4,14.6,14.9,15.7,16.4,16.8,17.3,16.9,17.6,18.6,19.6,20,19.6,19.5,18.9,20.1,20.9,20.5,19.5,22,22.1,23.1,23.4,23,23.4,23.3,24,23.5,24,23.8,24.2,24.7,23,24.6,22.5,25.5,25.3,25.2,24.8,25.7,27.2,28.5,28.5,27.4,30.7,29.8,28.1,32.2,31.4,31,32.5,31.8,35.9,37.3,38.7,37.6,38.4,40,42.5,43.6,43.1,48.6,51.3,50.5,51.2,49.4,52.8,53.4,67.4,56.6,59.6,64.1,67.1,70.6,72,76.1,64.5,70.5,77.3,83.3,81.7,84.8,87.1,89.8,89.4,90.4,89.4,94.6,104.6,98.4,102,103.1,108.4,100.2,101.1,101.7,98.8,100.7,111.5,97.5,107.9,129.3,119.7,147.1,148,151.8,143.9,168.8,165.3,169,171.3,172.2,178.9,178,182.1,171.8,176.5,177.3,188.2,195.9,196.4,200.4,211.8,210.5,221.7,218.9,230.4,237,240.7,259.8,265.6,269.6,275.3,289.3,299.6,300.7,304.2,314.3,331.6,339.1,347.6,342.7,348,333,335.3,317.6,348.8,371.2,390.7,401.5,371.3,362.9,345.4,372.6,367.4,375.6,386.3,363.5,392.4,372.1,447.4,418.9,453.4,488.9,485.5,481.5,614.2,454.7,403,245.3,170.6,574.1,584.8,646.5,746.4,662,668,697.3,684.1,668.9,685.2,654.5,634.8,603.2,544.1,450.7,468.4,484.8,478.1,537.7,557.6,601.6,620.9,646,663.8,712.5,704.9,710.4,933.8,714.5,940.2,866.8,914.1,883,899.8,884.5,925.7,969.9,923.9,966,1003.8,1003.5,970.9,901,939.5,1040.9,1080.8,980.8,1071.4,14.1,389,801.7,471,883.8,898.3,945.3,1023.7,1005.6,1194.8,1286.6,1200.3,1312.4,1467.1,1509.2,1630.8,1580.8,1543.5,1506.2,1579.7,1411.6,1449,1390.9,1489.2
15,                Undistributed profits with IVA and CCAdj,3.6,7,7,7.5,10.4,11.9,11.1,12.7,12.4,11.4,12.4,9,7.9,8.9,9.1,10.1,5.6,9.1,11.8,11.5,11.3,10,10.1,12.3,12.5,10.9,10.4,8,10.2,11.5,12.1,14.2,16.7,17.6,16.4,16.8,15.3,15,15.9,15.2,16,15.4,14.8,12.9,10,10.9,13,16.2,18,20.1,17.4,18,19.2,17.3,17,15.9,15,17.8,19,21.1,23.1,22.8,23.5,25.9,25.5,26.5,26.9,27.1,30.4,30.1,30.2,29.7,35.9,36.3,36.3,38.2,40.4,39.7,38.7,40.8,37.9,36.5,37.1,39.9,34.5,37.5,36.7,36.6,35.5,33,31.3,25.9,22.9,25.9,25.2,22.1,30.1,32.5,34.5,40.1,40.1,41.6,44.3,47.6,49.3,44,44.2,44.2,39,33.4,25.9,29.6,33.4,42.8,52.3,56.2,66.5,61.3,62.1,60,64.4,78.9,89.1,81.8,77.8,97,94.9,95.3,89.8,86.3,80.9,74.6,58.3,37.6,50.5,65.3,70.8,75.7,86.4,77,61.5,83.3,76.7,65.7,75.9,91.3,95.6,105.9,122.9,124.7,130.2,140.2,136.3,126.9,148.3,122.3,105.7,89.6,85.4,75.4,85.2,105.8,123.6,113.2,133.9,124.4,100.9,126.3,78.9,85.5,84.2,69.2,58.8,74.5,43.6,34.4,74.7,78.2,81.4,72.3,98.6,98.9,94.3,99.4,68.9,94.2,105.6,121.8,151.1,153.4,172.8,175,157.2,174.1,192.1,190.7,212.6,211.5,203,199.9,234.4,241.2,259.5,244.2,167.4,163,180.9,153.7,202.4,195.3,192.6,145.7,100.3,66.7,53.3,34.2,71.1,109.9,92.3,71.4,188.7,216,253.2,276,290.8,247.6,305.3,282.1,324.3,356.4,384.7,252.1,427.5,509.9,671.6,815.7,449.9,435.7,408,259.6,235.6,266.4,155.4,96.1,87,56.5,83.1,-71.9,178.3,263.9,466.1,517.1,554.4,559.6,658.6,634.9,436.7,537.8,544.7,624.8,627.5,623.4,592.5,366,597.7,368.2,445,433,363.7,507.3,582.9,557.3,464.3,488.4,421.6,289.3,379.8,359.4,443.5,395.9,401.3,351.7,427.5,362.3,1475.8,1155.1,767.7,1114.2,700,699.7,744,664.8,477.2,174,658.4,513.2,616.2,720.7,626.2,455.5,494.5,690.6,758.1,620.4,685,638.7,784.1,800
16,        Gross value added of financial corporate business1,5.5,5.3,5.1,5.3,5.6,5.9,6.2,6.4,6.6,6.7,6.7,6.9,7,7.1,7.3,7.6,7.8,7.9,8.2,8.7,8.6,8.9,9.3,9.7,9.8,10,10.3,10.4,10.4,10.6,10.7,11,11.3,11.6,11.8,12,12.3,12.7,13,13.3,13.5,13.5,13.9,14.1,14.4,14.5,14.5,14.9,15,15.4,16.1,16.6,17.1,17.3,17.5,17.7,18.1,18.3,18.3,18.5,18.8,19.2,19.4,19.2,19.3,19.3,19.6,20,20.8,21.2,21.7,22.1,22.2,22.6,23.1,24.2,24.6,24.6,25.2,25.6,26.7,27.7,28.4,29,29.9,30.7,31.6,32.4,34.6,35.6,36.4,37.5,38.3,38.3,39.7,40.6,41.2,42.1,43.8,44.3,46,47,46.8,48.2,48.9,50.6,51.8,54.2,55.9,58.2,61.6,62.5,66,66.4,67.2,69.4,70.5,71.4,73.2,75.5,78.6,83.1,87.1,91.6,95.1,101.6,105.7,109.4,109.6,112.9,115.2,118.4,123.1,124.3,127.3,136.7,142,144.3,147.7,150.3,155.8,161.7,166,171.3,179.8,185.3,187.1,194.1,200.7,206.9,210.3,217.2,229.3,233.4,233.4,233.2,245.7,244,239,238.7,243.1,252.7,257.8,259.2,252.6,264.5,274.9,282.5,294,299.7,304.7,301.3,306.6,310,308.7,301.3,319.7,321.5,325,327.6,361.1,363.9,365.1,373.4,367.5,380,384.6,403.5,384.8,385.7,401.6,402,414.8,430.1,443.7,442.3,464.1,476,479.7,475.5,507,520.7,539.7,567.7,588,596.2,603.9,609,617.6,615.1,639.9,663,699.4,699,714,709.6,747.4,738.4,721,722.9,745.2,758.5,754.1,762.2,763.5,779.7,802.6,819.1,789.1,808.8,837.1,870.5,870.9,862.7,945.3,960.8,983.9,1021.3,1006.7,1019.1,952.8,964.3,958.8,891.7,899.6,882,743,599.8,826.7,923.3,959,944.2,889.2,895.1,976.8,1038,945.5,929.3,939.7,1033.3,1051.1,1046.5,1072,1082.6,1001.3,1014.5,1039.2,1101.7,1145.2,1208,1212.1,1214,1264.9,1315.4,1236.7,1251.7,1289.3,1347.2,1353.7,1361.7,1324.1,1338.8,1370.8,1411.4,1441.1,1452.2,1483.2,1457.8,1523.9,1521.2,1514.4,1555.9,1532.9,1555.9,1619.5,1671.4,1668.2,1736.3,1761.9,1824.2,1805.9,1812.6,1826.2,1782.1,1802,1768,1798,1831.2
17,        Gross value added of nonfinancial corporate business1,115.5,120.6,123.6,129.1,136,139.1,141.5,143.5,140,136,136.7,132.5,139.7,149.4,161.1,169.2,174.3,176.7,178.3,181.3,182.7,181.4,183.8,195.7,200.1,202.1,201.3,192.6,192.8,193.5,195.6,202.8,212.4,219.3,223.8,230,231.5,235.4,237.6,244.4,248.9,249,249.7,244.2,235.4,234.9,243.7,254.9,264.4,275.8,271.5,274.9,285,283,282.5,279.5,278.2,286.4,293.5,303.6,309.2,314.4,319.3,324.4,328.1,335.6,341,346.5,354.8,361.2,368.6,373.5,387.9,395.5,403.3,416.2,428.4,437,443.5,451.4,453.2,456.5,465.4,477.7,491.2,505.8,516.9,529.8,542,551.3,560.1,565.1,564.1,572.9,578.7,575.9,601.5,612.5,622.3,636.1,662.1,675.2,691,715.6,746.3,758.8,774.9,795.4,805.6,824.4,840.1,850,852.7,877.4,918.4,944.6,988.3,1002.6,1023.8,1044,1082,1133.7,1175,1199,1225.8,1297.9,1323.2,1368.8,1404.6,1433.5,1465.3,1498,1530.6,1531.3,1577.7,1658.5,1725.4,1767.5,1826.4,1837,1829.7,1855.4,1869.3,1865.1,1895.9,1955.4,2013.2,2079.1,2165.9,2210.1,2244.1,2283.9,2313.3,2346.8,2399,2417.6,2436.1,2443.7,2468.8,2511.1,2553,2612.5,2673.8,2728.4,2785.6,2846.6,2895.2,2968.3,2979.8,3003.5,3034.9,3062.6,3110.4,3169.1,3180,3183.3,3190.7,3219,3245.5,3269.7,3316.4,3360.2,3380.7,3448.7,3432.3,3513,3548.5,3646,3697.1,3791.4,3848.9,3929,3957.6,3999,4080.7,4128.8,4190.6,4264.2,4326.6,4404.1,4485,4557.1,4661.1,4734.3,4762,4835.6,4926.4,4976.7,5082.1,5134.2,5176.7,5280.2,5444,5487.8,5558.9,5552.5,5502.6,5501.7,5457.2,5419,5464,5523.3,5556.6,5630.4,5611.6,5679.6,5778.9,5864.9,5968.3,6089.7,6213.9,6262.6,6402.9,6536.3,6582.8,6780,6914.7,6951.2,7092,7128.5,7219.3,7285.7,7221.8,7302.6,7293.4,7302.3,7442.8,7272.3,6892.1,6839.5,6856.6,7027.9,7113.2,7231.5,7399.2,7404.9,7475.6,7651.8,7738.2,7778.7,8012.1,8108.7,8078.2,8244.8,8346.3,8396.5,8415.7,8512.5,8564.1,8769.3,8975.3,9098.1,9125.8,9174.3,9288.6,9300.7,9308.5,9264.8,9356.6,9455.7,9611.7,9715.4,9789.9,9968.7,10122,10278.2,10426.2,10524.8,10638.5,10723.9,10877,10964.5,10811.2,9580.5,10543,11065.5,11432.2,11849.6,12157.6,12544.1,12884.3,13250.4,13517.2,13551.4,13693.2,13841.3,14041.6,14304.4
18,Consumption of fixed capital,8.7,9.2,9.7,10.2,10.6,11,11.3,11.6,11.8,11.9,12.1,12.2,12.4,12.6,13,13.4,14,14.5,14.9,15.1,15.3,15.4,15.7,16,16.3,16.6,16.9,17.1,17.4,17.6,17.8,18.1,18.3,18.6,19.1,19.7,20.4,21,21.7,22.3,23,23.5,24,24.5,24.9,25.3,25.7,26,26.3,26.6,26.8,27,27.2,27.4,27.7,27.9,28.1,28.4,28.7,29,29.3,29.6,30,30.3,30.7,31.1,31.5,32,32.5,33,33.5,34.1,34.7,35.4,36.2,37,38,38.9,39.9,40.9,41.9,42.9,44,45.1,46.2,47.4,48.7,50,51.4,52.8,54.2,55.6,57.1,58.6,60,61.4,62.8,64.1,65.4,66.7,67.9,69.3,70.9,72.6,74.5,76.7,79.3,82.2,85.5,89.2,93.2,97.6,102.4,106.4,109.7,112.4,114.2,116.6,119.5,122.8,126.6,130.5,134.5,138.7,142.9,147.5,152.5,157.8,163.4,169.3,175.4,181.7,188.2,195.1,202.3,209.9,217.8,225.5,232.9,240.1,246.9,252.5,256.6,259.5,261,263.1,265.6,268.8,272.4,276.5,281,285.9,291.3,296.5,301.6,306.6,311.4,315.9,320.1,324,327.6,331.9,336.8,342.5,349.1,355.4,361.3,366.9,372.1,377.4,382.8,388.4,394,399.7,405.5,411.3,417.1,422,426,429,431.1,434,437.7,442.2,447.5,453,458.6,464.3,470.3,477.5,485.9,495.7,506.7,516.8,525.9,534,541.1,549.2,558.2,568.2,579.1,589.6,599.9,609.9,619.5,629.2,638.9,648.7,658.6,670.7,685.1,701.8,720.8,735.1,744.6,749.3,766.1,779.6,786.6,793.5,800.1,802.6,807,810.3,811.5,815.3,820,825.9,835.3,845.2,855.3,872,888.6,904.9,920,941,958.1,975.4,992.6,1011.7,1028.7,1041.8,1053.5,1065,1083.4,1100.3,1120.2,1131.1,1126.1,1113.4,1107.5,1111.4,1113.6,1119.9,1124.4,1136.1,1151.1,1167.1,1181.3,1194.4,1214,1229.4,1243.3,1252.6,1260.9,1274.8,1288.4,1307.1,1326.9,1343.6,1362.1,1378.1,1393.7,1405,1415.2,1419.2,1421.2,1435.7,1445,1462.2,1480.1,1499.2,1520.2,1538.2,1553.9,1573.4,1591.8,1609.4,1636.3,1660.8,1677.7,1689.8,1708.9,1725,1734.3,1752.6,1764.8,1793.6,1834.3,1880.4,1929.2,1983.1,2036,2070.3,2121.6,2153.1,2177.5,2209.8
19,Net value added,106.8,111.3,113.9,118.9,125.4,128.1,130.2,132,128.2,124,124.6,120.3,127.4,136.8,148.2,155.8,160.3,162.2,163.4,166.1,167.4,166,168.1,179.7,183.8,185.5,184.4,175.5,175.4,175.9,177.7,184.7,194.1,200.6,204.7,210.3,211.2,214.4,215.9,222.1,225.9,225.4,225.6,219.7,210.4,209.6,218.1,228.9,238.1,249.2,244.7,247.8,257.7,255.6,254.8,251.6,250,258,264.8,274.6,279.9,284.7,289.3,294.1,297.4,304.5,309.5,314.5,322.3,328.2,335.1,339.4,353.2,360.1,367.1,379.2,390.4,398.1,403.7,410.6,411.3,413.6,421.4,432.6,445,458.4,468.2,479.8,490.7,498.5,505.9,509.5,507,514.3,518.7,514.5,538.8,548.4,556.9,569.4,594.1,605.9,620.1,643,671.8,682.1,695.6,713.1,720.1,735.2,746.9,752.4,750.3,770.9,808.7,832.3,874,886,904.4,921.2,955.4,1003.2,1040.4,1060.3,1082.9,1150.4,1170.7,1211,1241.1,1264.2,1289.9,1316.3,1342.4,1336.3,1375.4,1448.6,1507.6,1541.9,1593.5,1596.9,1582.7,1603,1612.6,1605.6,1634.9,1692.4,1747.5,1810.3,1893.5,1933.6,1963.1,1998,2022,2050.3,2097.4,2111,2124.7,2127.7,2148.6,2187.1,2225.3,2280.7,2336.9,2385.9,2436.5,2491.2,2533.8,2601.4,2607.7,2626.1,2652.1,2674.3,2716.4,2769.3,2774.5,2772,2773.6,2797,2819.5,2840.7,2885.3,2926.2,2943,3006.5,2984.8,3060,3089.9,3181.7,3226.8,3313.9,3362.9,3433.3,3450.8,3482.2,3554.8,3594.8,3649.5,3715,3768.4,3836,3906,3967.4,4061.2,4124.4,4142.5,4206.4,4287.4,4328,4423.5,4463.4,4491.5,4578.4,4723.2,4752.7,4814.3,4803.2,4736.6,4722.1,4670.7,4625.5,4663.8,4720.7,4749.6,4820.1,4800.1,4864.4,4958.9,5038.9,5133,5244.5,5358.6,5390.6,5514.3,5631.5,5662.8,5839.1,5956.6,5975.8,6099.4,6116.8,6190.6,6244,6168.4,6237.6,6210.1,6202,6322.6,6141.2,5766,5726.1,5749,5916.5,5999.6,6111.6,6274.8,6268.8,6324.5,6484.7,6556.9,6584.3,6798,6879.4,6834.9,6992.2,7085.4,7121.7,7127.3,7205.4,7237.2,7425.7,7613.1,7720,7732,7769.3,7873.5,7881.5,7887.4,7829.1,7911.5,7993.4,8131.7,8216.2,8269.8,8430.5,8568.1,8704.7,8834.4,8915.4,9002.2,9063.1,9199.3,9274.7,9102.3,7855.5,8808.7,9312.9,9667.4,10056,10323.4,10663.7,10955.1,11267.3,11481.1,11481.1,11571.6,11688.2,11864.2,12094.6
20,    Compensation of employees,75.8,77.2,79.5,82.7,85.6,86.2,88.9,89.2,87.2,85.1,84.2,83.1,86.6,91.5,97.3,102.2,106.7,109.9,110.6,112,114.9,115,117.2,124,126.8,129.1,129.2,127.7,125.7,124.9,124.9,128.3,131.7,136.2,139.8,143.8,146.6,149.5,151.2,155.7,157.8,158.5,159.5,157.8,153.5,151.5,155.5,160.3,165.5,171.6,171.9,174.2,180.1,181.4,180.7,179.5,179.1,182.2,186,190.7,194.4,198.8,200.9,202.9,205.1,208.5,211.7,215.1,218.8,223.5,228.2,232.1,237.5,242,247.2,254.9,262.2,270.1,276.9,282.2,284.8,287.2,293,299.2,309.2,317,324.5,332.7,343.3,352.2,360.8,368,371.1,373.1,377.1,376.6,386.5,393.4,398.7,406.1,425.6,434.9,442.7,456.5,477.4,489.3,500.4,513.3,525.1,538,551.7,557,552.2,558.2,574.1,591.5,617.7,631.6,647.2,663.5,688.1,714,734.8,756.4,785.1,818.7,842.7,871.4,906.1,928.2,955.2,980.1,1003.7,1014.3,1032.9,1071.9,1108.1,1129.3,1154.3,1167.7,1168.7,1178.9,1190.1,1195.2,1206.5,1232.3,1261.2,1300.5,1343.4,1375.9,1404.3,1429.1,1451.1,1475.1,1500.5,1533.6,1547.9,1562.7,1586.1,1616,1638.6,1665.8,1696.6,1740.8,1768.3,1810.8,1843.4,1878.7,1902.2,1920.3,1941.8,1975,2002.3,2034.9,2056.8,2056,2036.2,2058.1,2081.8,2108.3,2143.9,2177.8,2199.1,2233.9,2221.2,2261.2,2281.6,2320,2338.2,2390.5,2414.5,2451.5,2483.2,2507.3,2538.9,2568.8,2599.7,2648.6,2690.6,2731.9,2785.7,2830,2882.3,2952.2,3011.3,3067.2,3121.8,3175,3242.7,3273.4,3319.4,3404.4,3541.2,3560.5,3634.7,3653,3613,3592.9,3565.9,3557.5,3518.5,3545.2,3546.9,3551.2,3529,3571,3612.1,3665.2,3676.2,3737.7,3805.2,3826.3,3862.3,3897.7,3956.1,3998.9,4086,4104.9,4125.9,4193.3,4284,4296.2,4304.6,4343.6,4380,4368.1,4367.1,4341.9,4089.1,4097.6,4085,4107.8,4084.5,4156.1,4197.5,4228.3,4344.8,4359.3,4404.1,4382.7,4542.4,4590.5,4596.3,4704.2,4712,4759.9,4780.6,4842.6,4938.9,4987.6,5056.5,5148.6,5220.9,5279,5335.7,5379.8,5376.8,5411.3,5465,5540.6,5622.6,5681.4,5756.5,5849.9,5946.9,6001.7,6090.7,6148.9,6282.2,6323.3,6348,6421.6,6467.7,5987.8,6331.2,6609.4,6669.1,6878.3,7096.4,7307.5,7410.2,7500.3,7690.2,7720.2,7897.3,8017.6,8127.8,8210.6
21,        Wages and salaries,71.9,73.3,75.4,78.4,81.6,82.2,84.8,85.1,83.1,80.9,79.9,78.7,81.6,86.2,91.7,96.2,100.3,103.1,103.8,105,107.8,107.9,110,116.6,119.1,121.3,121.2,119.7,117.5,116.8,116.7,119.9,122.8,127,130.2,134,136.4,139,140.4,144.6,146.2,146.6,147.5,145.6,141.7,139.8,143.6,148,152.7,157.8,157.7,159.6,164.8,165.9,165.3,164.2,163.8,166.6,169.9,174,177.1,180.9,182.5,184.2,186.1,189.1,192,195.1,198.4,202.6,206.9,210.3,215.3,219.2,223.7,230.4,236.2,242.8,248.7,253.3,256.1,258.3,263.4,268.7,277.6,284.6,291.4,298.9,307.4,315.4,323.1,329.5,332.2,333.6,337.3,336.7,345,351.2,355.8,362,377.1,385.1,392.2,405.1,420.6,431.9,442.4,454.3,463.6,474.9,486.3,489.2,481.9,485.3,498.8,514.3,535.7,547.8,560.9,573.9,591.8,613.5,631.1,649.8,669.8,699.8,720.7,745.6,772.1,790.6,813.3,834.1,852.6,860.2,875.5,910.4,936.9,955.3,977,987.8,984.8,992.2,1000.3,1002.6,1007.3,1029,1053.9,1088.8,1121.3,1149.8,1174.2,1195,1212.1,1231.2,1251.1,1277.6,1285.1,1294.6,1312.4,1337.1,1356.6,1379.7,1406.3,1445.5,1467.3,1503.8,1530.2,1558.1,1576.9,1588.5,1604,1631,1652,1681.3,1700.3,1698,1676.5,1693.1,1709.7,1727.6,1750.9,1775.5,1789.6,1819.5,1803.4,1837.8,1853.9,1886.7,1897.4,1944.8,1966.8,2002.2,2037.7,2061.2,2090.8,2117.8,2145.1,2189.2,2227.5,2265.8,2317.3,2356.8,2401.8,2461,2512.7,2558.9,2605.7,2653.1,2714.7,2740.6,2778.6,2850.5,2964.9,2975.6,3039.5,3053.5,3016.9,3000.2,2977.8,2970.9,2919.4,2941.4,2942.7,2946.3,2907.5,2941.7,2975.3,3018.7,3028.9,3079.1,3134.1,3151.3,3182.1,3211,3258.6,3293.5,3384.8,3400.3,3417.6,3472.9,3554.4,3564.5,3571.3,3603.3,3637.6,3627.8,3627,3606.3,3378.1,3385.1,3374.7,3393.4,3385,3443.7,3477.6,3502.8,3607.8,3619.6,3656.4,3638.8,3785,3824.6,3829.4,3918.1,3921.7,3958.4,3976.3,4028,4121,4165.1,4223.8,4300.2,4370.3,4418.5,4466.3,4503.6,4513,4542.9,4588.2,4653.4,4717.8,4766.8,4829.4,4905.7,4986.4,5031.9,5103.8,5151.6,5271.1,5304.3,5326.7,5389.5,5441.7,5041.8,5337.5,5582.8,5620,5814.8,6017.9,6209.7,6289.5,6369.3,6541.5,6564.3,6714.1,6820,6915.9,6986.3
22,        Supplements to wages and salaries,3.8,3.9,4.1,4.2,4,4,4,4.1,4.1,4.2,4.3,4.3,4.9,5.2,5.6,6,6.5,6.7,6.8,7,7.1,7.1,7.2,7.5,7.7,7.8,7.9,8,8.1,8.1,8.2,8.4,8.9,9.2,9.5,9.8,10.3,10.5,10.8,11.1,11.6,11.9,12.1,12.1,11.8,11.7,11.9,12.3,12.8,13.8,14.2,14.6,15.3,15.4,15.4,15.3,15.3,15.7,16.1,16.7,17.4,18,18.4,18.7,19,19.4,19.7,20.1,20.5,20.9,21.4,21.7,22.2,22.7,23.5,24.6,26,27.3,28.2,28.9,28.8,29,29.6,30.4,31.7,32.4,33.1,33.9,35.9,36.8,37.7,38.5,39,39.5,39.8,39.9,41.6,42.2,42.9,44.2,48.5,49.8,50.5,51.4,56.9,57.3,57.9,59,61.4,63.1,65.3,67.8,70.4,72.9,75.3,77.3,82,83.7,86.3,89.6,96.3,100.4,103.7,106.6,115.3,118.9,122,125.8,134,137.7,141.9,146,151.1,154.2,157.3,161.5,171.2,174,177.3,179.9,183.9,186.8,189.9,192.6,199.2,203.3,207.3,211.7,222.1,226.1,230.2,234.1,239,243.9,249.4,256,262.8,268.1,273.6,278.9,282.1,286.1,290.3,295.3,301,306.9,313.2,320.7,325.2,331.8,337.8,344.1,350.4,353.7,356.5,358,359.8,365.1,372.1,380.7,393.1,402.3,409.5,414.3,417.7,423.5,427.8,433.3,440.8,445.6,447.6,449.3,445.5,446.1,448.1,451,454.7,459.4,463.1,466.1,468.5,473.2,480.5,491.1,498.6,508.3,516.1,521.9,528,532.8,540.8,553.9,576.2,584.9,595.2,599.5,596.1,592.7,588,586.6,599.1,603.8,604.1,604.9,621.6,629.2,636.8,646.5,647.3,658.6,671.1,675,680.2,686.7,697.5,705.4,701.2,704.5,708.3,720.4,729.6,731.8,733.3,740.3,742.4,740.3,740.1,735.6,711,712.6,710.3,714.4,699.5,712.5,719.9,725.5,737.1,739.7,747.7,743.9,757.4,765.9,767,786.1,790.3,801.5,804.3,814.6,817.9,822.5,832.8,848.5,850.6,860.5,869.4,876.2,863.8,868.4,876.7,887.2,904.9,914.5,927.1,944.3,960.4,969.7,986.9,997.3,1011.1,1018.9,1021.3,1032,1026,946,993.7,1026.6,1049,1063.5,1078.6,1097.7,1120.7,1131,1148.7,1155.9,1183.2,1197.6,1211.9,1224.3
23,    Taxes on production and imports less subsidies,10.9,11,11.2,11.8,11.9,12.4,12.6,12.7,12.7,12.9,13.1,13.1,13.4,14.1,15.3,14.7,15.7,14.9,15.2,15.6,16.1,16.7,16.9,17.4,17.8,18,18,17.8,17.4,17.3,17.1,17.5,18.3,19,19.5,19.8,20.2,20.5,21,21.6,22,22.2,22.3,21.7,22.2,22.1,22.2,22.7,23.4,23.8,24.7,25.7,25.9,26.3,26.9,27.3,27.4,27.4,27.7,28,28.7,29.5,30.4,30.9,31.2,31.5,31.8,32.2,32.7,33.5,34.3,35,35.5,35.9,36.3,36.4,36.6,36.9,37.1,37.3,37.8,38.5,39.7,41.3,43.1,44.8,46.5,47.8,48.8,49.8,50.7,51.5,52.6,53.6,54.8,56,57.5,58.9,60.4,61.4,61.9,62.7,64.1,65.9,67.7,69.4,71.1,72.1,72.7,73.7,74.8,76.4,77.9,79.3,81,82.6,84,85.8,87.5,89.4,91,92.9,95.7,98.9,102.2,105.9,99.6,103.2,105.1,107.2,110,112.8,114.8,118.1,123.3,129.9,138,145.8,150.2,152.7,152.3,151.8,152.5,155,159.7,165.3,171,176.1,180,183.6,186.8,189.7,192.5,195.8,198.2,199.8,201,203.2,205.4,208.6,211.6,215.1,218.2,222.5,227.9,233.2,235,239.3,242.9,246.8,249.9,253,255.8,260.6,266.1,271.6,278.3,283.2,288.2,293.3,296.8,300.3,304.4,308.4,310.9,315.9,320.7,329.9,342.1,350,354,356.9,356.2,355.9,359.5,363.1,364.5,369.5,372.8,379.9,378.9,387.6,392,397.1,396.2,400.5,405.2,409.6,414.9,420.5,427.9,435.3,443.6,449.1,451.6,455.2,443.9,437.4,427.8,456.9,456.1,462.1,471.7,478.3,483.1,480.2,499.1,502.1,519.1,526.9,533.7,547.2,559.2,572.3,581.3,589.9,601.7,608.4,616.5,620.6,624.5,628.8,630.7,641,635.1,640.6,642.8,631.2,604.8,605.5,602.2,621.5,627.6,637.5,641.5,646.2,663.3,671.8,671.1,677.2,691.5,693.7,692.6,702.6,720.1,722.6,729.5,734.6,741.2,752.9,759.6,765,762.7,769.7,772.5,779.9,775.3,778,791.6,795.7,809.3,819.5,830.8,844.1,854.1,864.9,878.8,896.1,913.7,923.5,937.7,938.4,912.2,259.5,272.7,704.2,761.4,681.4,802.2,935.9,1056.3,1095.1,1108.6,1108.3,1115.9,1109.3,1115.2,1125.5
24,    Net operating surplus,20.2,23.2,23.3,24.5,28,29.5,28.8,30.1,28.3,26,27.3,24.1,27.4,31.3,35.5,38.9,37.8,37.4,37.7,38.5,36.4,34.3,34,38.2,39.3,38.4,37.2,30,32.4,33.7,35.7,39,44.1,45.4,45.4,46.7,44.4,44.4,43.8,44.7,46.1,44.7,43.8,40.2,34.7,36,40.3,45.9,49.3,53.8,48.1,48,51.8,47.9,47.2,44.8,43.5,48.4,51.2,55.9,56.8,56.4,58,60.3,61.1,64.5,66,67.2,70.8,71.2,72.6,72.3,80.2,82.2,83.6,87.9,91.6,91.1,89.7,91,88.7,87.9,88.6,92.2,92.7,96.5,97.3,99.3,98.6,96.6,94.5,90,83.2,87.6,86.8,81.9,94.8,96.1,97.8,101.9,106.6,108.2,113.3,120.6,126.6,123.5,124.1,127.7,122.3,123.5,120.4,118.9,120.2,133.5,153.6,158.1,172.3,168.6,169.7,168.2,176.2,196.3,210,205.1,195.6,225.8,228.4,236.4,230,228.8,224.8,223.4,223.8,203.8,219.2,246.9,261.5,266.8,289,276.6,261.6,272.3,270,255.3,268.6,294.8,315.4,333.8,370.1,374.1,372,379.2,378.4,379.4,398.6,377.6,375.8,361.8,357.1,362.4,375.1,399.8,422.1,422.6,440.3,447.2,455.4,483.3,462.7,459,460.4,446.2,458.3,473.8,451.6,444.4,459,455.7,449.5,439.2,444.5,448,439.5,464.2,452.8,482.9,487.6,531.8,546.4,573.5,594.5,624.8,611.5,619,656.3,662.8,685.2,696.9,704.9,724.2,741.3,749.9,786.8,775.2,735,738.7,760.4,743.4,766,769.5,744.2,738.7,738.4,743.1,728,695,679.7,691.7,677,611.1,689.2,713.4,731,790.6,787.9,813.2,847.7,871.6,937.7,979.9,1019.7,1017.1,1092.9,1161.5,1125.4,1250.3,1268.8,1262.5,1357,1303,1282.1,1318.9,1233.1,1253,1195,1193.2,1312.7,1168.1,1072.1,1023,1061.8,1187.2,1287.5,1318,1435.8,1394.3,1316.4,1453.6,1481.7,1524.4,1564.2,1595.2,1546,1585.5,1653.3,1639.3,1617.2,1628.2,1557,1685.2,1797,1806.5,1748.5,1720.5,1765.2,1721.8,1735.3,1639.8,1655,1657.1,1699.8,1715.4,1682.5,1736.4,1767.1,1838.2,1864.9,1870.4,1806.3,1816.3,1913.6,1914.7,1722.3,1608.2,2204.8,1999.4,2236.9,2496.2,2424.8,2420.3,2488.6,2671.8,2682.3,2652.6,2558.5,2561.3,2621.2,2758.5
25,        Net interest and miscellaneous payments,0.8,0.8,0.8,0.8,0.8,0.8,0.9,0.9,1,1,1,1,0.9,0.9,0.9,0.9,1,1.1,1.1,1.2,1.2,1.3,1.3,1.3,1.3,1.3,1.3,1.4,1.6,1.6,1.7,1.7,1.7,1.7,1.7,1.7,1.8,1.8,1.9,1.9,2.1,2.2,2.3,2.5,2.7,2.8,2.9,3,2.9,3,3,3.1,3.2,3.3,3.4,3.4,3.6,3.7,3.9,4,4.3,4.4,4.5,4.6,4.7,4.8,4.9,5,5.1,5.2,5.4,5.5,5.7,5.8,6.1,6.3,6.7,7,7.3,7.7,8.1,8.4,8.8,9,9.4,9.8,10.4,11.1,12,12.9,14,15.3,16.7,17.7,18.4,18.7,18.8,18.8,18.9,19.1,19.3,19.7,20.1,20.8,21.8,22.9,24.3,26,28.1,29.7,30.9,31.9,32.6,32.8,32.4,31.6,30.3,29.7,29.6,30.2,31.5,32.6,33.6,34.4,35.2,36,37,38.2,40.1,42.1,44.6,47.8,52.7,56.4,60,63.6,67.4,71.1,74.7,78.4,82,83.9,84.4,83.4,81.5,81.1,82.5,85.5,90.3,93.7,95.7,96.3,95.5,95.9,97.3,99.7,103.4,106.3,108.6,110.4,111.7,113.9,117,121,126.7,132.3,138.4,144.8,151.8,157.6,162.5,166.3,169.1,170.4,171.2,168.1,164.7,160,154.4,147.7,140.6,133.3,127.8,123.6,120.5,118.1,116.3,115.3,114.8,115.5,117.3,120.3,124.9,127.3,127.9,125.8,122.2,119.5,118.9,119.3,123.2,125,129.1,134.5,147.8,147.6,148.6,149.1,150.1,153.9,160.3,168.9,180.1,190.6,201.9,212.2,222.2,226.8,226.8,220.5,212.1,203.9,196.5,188.9,181.8,176.9,171.3,166.8,162,160.6,161.1,165.7,171.9,175.8,177.2,175.1,171.8,175.4,183.8,201.3,226.7,250,274.2,296.5,316.9,330.4,331.9,323.4,310.4,301.8,296.4,297.4,301.3,304.5,305.4,304.7,301.8,300.6,301.6,303.1,306.7,308.8,308.8,307.4,302.8,300.5,299.7,302.4,305.7,309.1,312.5,315.3,318.7,322.3,326.4,330.8,335.5,340.7,346.5,352.8,352.3,351.9,351.8,351.9,351.9,354.6,359.6,367,376.9,379.9,375.8,364.7,346.9,329.8,318.2,310.8,307.3,304.3,301.6,299.2,296.9,289.8,278,261.7,248,211.7,177.2,178.3
26,        Business current transfer payments (net),0.5,0.6,0.6,0.6,0.6,0.6,0.6,0.6,0.6,0.6,0.6,0.6,0.6,0.6,0.6,0.6,0.7,0.7,0.7,0.8,0.8,0.8,0.8,0.9,0.9,1,1,1,0.9,0.8,0.8,0.8,0.9,1,1,1,1.1,1,1,1,1.1,1.1,1.1,1.1,1.2,1.2,1.2,1.2,1.2,1.3,1.3,1.3,1.3,1.3,1.3,1.3,1.4,1.4,1.4,1.5,1.6,1.6,1.6,1.6,1.6,1.6,1.6,1.6,1.7,1.8,2,2,2,2,2.1,2.2,2.5,2.6,2.7,2.7,2.7,2.7,2.7,2.8,2.8,3,3,3,3,3,3,3.1,3.1,3.2,3.2,3.3,3.5,3.6,3.6,3.7,3.8,3.8,3.9,4.1,4.6,4.8,4.4,4.2,4,3.7,3.6,3.6,4,4.6,4.9,5.3,5.9,6.5,7,7.5,8.2,8.6,9,9.1,9.3,9.3,9.2,9.1,9.1,9,9,9,9.2,9.3,9.4,10.7,11.1,11,10.7,9.9,9,8,7.6,7.9,9.1,9.8,10.3,10.6,10.7,10.8,11,11.3,12.2,16.2,15.2,17.9,28.5,24.7,26.2,28.2,29.4,30.4,29.6,29.3,28.1,27.4,26.7,25.9,24.7,23.2,23.1,23,24.1,24.7,25.1,25.6,25.7,25.4,26,27.3,29.3,30.3,30.8,32.3,29.8,28.7,29,30.7,33.8,35.4,35.4,33.9,30.8,29.3,29.4,31.1,34.3,36.8,38.6,39.6,40,39.5,38.3,36.1,32.6,29.9,31.3,42.6,42.7,46,46.9,46.8,45,43.9,44.8,48.1,52.3,55.5,56.9,56.2,52,50.4,51.1,54.5,58.7,61.8,63.2,62.7,63.4,60.5,61.7,64.6,74.3,80.3,81.9,80.7,73,68.9,67.4,64.8,63.3,60.6,57.5,55,50.3,42,41.6,51.4,52.5,67.1,60.2,62.4,69.7,71.4,72.5,73.6,77.1,79.3,80.5,82.6,86.4,82.3,79.1,81.8,83,82,80,91.6,83.4,82.3,81.7,81.6,82.1,81.1,78.4,157.5,66.1,64.4,66.3,96.6,81.8,99.9,94.1,95.8,100.1,98.2,95.5,97.2,92.8,81.5,102.1,83,89.1,92,90.6,91.8,119.5,125.4,122.2,118.7,129.3,124.2,122.2,122.8,135.1,135.2,138.8,138.4
27,        Corporate profits with IVA and CCAdj,18.8,21.9,21.9,23.1,26.6,28.1,27.3,28.5,26.7,24.4,25.7,22.5,25.9,29.8,34,37.3,36.1,35.6,35.8,36.5,34.4,32.2,31.9,36.1,37.1,36.1,34.9,27.6,29.9,31.2,33.2,36.4,41.5,42.8,42.7,44,41.6,41.6,40.9,41.7,43,41.4,40.4,36.6,30.9,32,36.2,41.7,45.1,49.6,43.8,43.6,47.4,43.4,42.6,40.1,38.5,43.2,45.9,50.3,50.9,50.4,51.9,54.1,54.8,58.2,59.6,60.6,63.9,64.3,65.2,64.8,72.5,74.4,75.5,79.3,82.5,81.5,79.6,80.7,77.9,76.8,77.2,80.4,80.5,83.8,83.9,85.3,83.6,80.6,77.4,71.6,63.4,66.8,65.3,59.9,72.5,73.7,75.2,79.2,83.6,84.8,89.2,95.7,100.3,95.8,95.4,97.5,90.3,90.1,85.8,83.4,83.6,96.1,116.2,121.2,136.1,132.5,133.1,130.5,136.5,155.1,167.4,161.6,151.1,180.5,182.2,189.1,180.7,177.6,171.1,166.6,162,138.2,149.8,172.6,183,184.7,203.6,188.3,170.7,180.3,178,164.1,178,203.8,222.7,237.7,269.1,269.7,265.3,271.6,270.7,267.3,286.2,260,243.9,230.8,222.3,223.8,234,255.6,275.5,272.3,285.4,287.5,290.3,312.6,286.2,278.2,274.9,256.9,265.2,278.8,255.3,250.6,268.7,270.3,269.1,264.1,274.6,284.5,280.8,308.3,302.5,336.2,342.4,385.8,397.8,422.6,441.7,470.6,455.8,462.4,499,506,528.8,540.6,547.5,565.2,578.1,585.3,619.5,604.5,554.6,561.1,580.6,551.7,573.1,569.7,537,523,513.3,508.5,481.4,434.7,405.2,409.5,393.3,334.5,425.1,459.1,483.4,547.2,547.4,574.4,613.2,642.1,712.4,758.8,796.9,786.9,846.6,905.4,866.3,994.5,1024,1018.2,1105.8,1036.9,992.1,1008.3,901.4,901.5,827.8,820.8,939.2,793.3,709.3,654,705.2,827.3,916.4,942.1,1057.9,1016,937.4,1073.7,1099.6,1138.7,1171.1,1204.2,1158.1,1196.3,1267.4,1256.8,1237.5,1234.2,1168,1293.8,1402.8,1409.5,1347.8,1317.1,1360.4,1233.5,1333.6,1234.8,1242.2,1207.7,1265.8,1263.5,1236.6,1288.8,1315.1,1385.4,1409.8,1406.1,1336.6,1354.9,1435.7,1467,1286.4,1186.3,1796,1596.8,1810.1,2066.6,2000.9,2002.3,2062.4,2257.8,2282,2268.1,2175.4,2214.4,2305.3,2441.8
28,            Taxes on corporate income,11.1,10.5,10.3,11.2,11.5,12.1,11.8,11.3,10.1,8.8,9.2,9,12.5,15.2,18.8,20.7,24.9,20.9,18.7,19.9,18.2,17,16.8,18.7,19.8,19.8,19.3,14.6,14.3,14.8,15.8,17.1,19.5,19.7,20.2,21.1,20.1,20.4,19,20.1,20.4,19.5,18.9,17,14,14.3,16.6,19.3,20.8,22.9,19.9,19.1,21.4,19.4,18.4,17.4,17.1,18.7,20,22,20.5,20.1,20.8,21,20.9,22.7,23.4,24,23.7,23.7,24.3,23.8,25.9,26.7,27.1,28.8,29.9,29.9,29.4,28.8,27.5,27.2,27.4,29.1,32.9,33.4,33.4,34.5,35,33.9,32.6,31.9,27.5,27.5,28,26.1,29.8,30.6,29.5,30.1,31.9,32,33.5,37.7,40.7,40.6,38.9,41.5,40.3,42.4,47,41.8,33.8,37.3,47.7,48.7,55.4,53.7,52.9,52,55.9,60.7,62.6,63.1,56.7,69.7,69.5,74.2,71.3,71.6,71.1,68.6,76.7,57.9,65.5,72.6,71.9,64.6,68,59.5,49.8,51.2,50.3,43.8,45.5,60,69.5,72,82.2,81.1,70.5,69.9,71.4,67.9,73.8,71.2,73.2,71.9,74.5,85.4,85.6,96.4,99.5,95.4,98,102.7,104.6,110.6,112.7,101.9,94.4,95.8,94.5,99.3,102,97.9,95.4,87.4,85.4,86.1,88.7,95,94.5,99.6,97.4,111,100.9,122.9,117.1,124.7,138,149.7,141.1,136.4,142.8,141.1,145.9,154.2,154,157.7,153.9,157.8,170.2,163.5,161.3,158.6,161.8,152.9,165.4,164.8,164.7,171,176.1,175.5,153.8,154.9,117.5,113.9,101.7,91.7,83.5,87.1,91.7,101.9,118.4,116.3,128.7,142.6,161.8,174.8,188.3,192,259.8,251.6,256,282.8,290,297.8,310.6,286,296.6,293.1,266.8,254,241.4,230.8,218.9,137.7,135.8,154.4,163.5,192,192,196.3,208.9,218,212.3,212.4,191.1,221,235,245.5,251,251.7,264.5,262.5,261.9,266.9,280.2,295.5,294.3,292.6,296,295.9,287.2,256.7,270.3,267.4,259.4,251.2,203.1,209.6,220.1,222.4,203.1,217.6,215.7,215.3,189.3,200,185.8,212.7,176.8,180.5,237.3,239.7,260.1,291.5,302.3,338.1,424.5,422,403.4,417.8,437.4,430.4,441.3,477.8
29,            Profits after tax with IVA and CCAdj,7.8,11.4,11.6,11.9,15.1,16,15.5,17.2,16.6,15.6,16.5,13.5,13.4,14.6,15.2,16.6,11.1,14.7,17.2,16.6,16.2,15.3,15.1,17.4,17.3,16.3,15.6,13,15.6,16.4,17.3,19.3,22.1,23.1,22.5,22.9,21.5,21.1,21.9,21.6,22.5,21.9,21.4,19.6,16.8,17.7,19.7,22.4,24.3,26.7,23.9,24.4,25.9,24,24.2,22.7,21.4,24.6,25.9,28.4,30.4,30.2,31.1,33.1,33.9,35.5,36.2,36.6,40.2,40.5,41,41,46.6,47.6,48.4,50.6,52.6,51.6,50.2,51.9,50.4,49.6,49.7,51.2,47.6,50.4,50.5,50.8,48.6,46.7,44.8,39.7,35.9,39.3,37.3,33.8,42.7,43.1,45.7,49.1,51.6,52.7,55.7,58,59.6,55.2,56.5,56.1,50,47.7,38.9,41.7,49.7,58.8,68.5,72.4,80.7,78.8,80.1,78.5,80.7,94.4,104.8,98.4,94.4,110.8,112.7,114.9,109.5,106.1,100.1,98.1,85.3,80.3,84.3,100,111.1,120.1,135.6,128.9,120.9,129.1,127.7,120.3,132.5,143.8,153.2,165.7,186.9,188.6,194.8,201.7,199.4,199.4,212.4,188.8,170.7,159,147.8,138.4,148.4,159.2,176.1,176.9,187.4,184.8,185.7,202,173.6,176.3,180.4,161.1,170.6,179.5,153.3,152.7,173.2,182.9,183.7,178,185.9,189.5,186.4,208.8,205.1,225.2,241.4,262.9,280.7,298,303.7,320.9,314.7,326.1,356.2,364.9,382.9,386.5,393.5,407.5,424.2,427.5,449.3,441,393.2,402.5,418.7,398.8,407.8,404.9,372.3,352,337.2,333,327.6,279.8,287.7,295.5,291.6,242.8,341.6,372,391.7,445.3,429,458.2,484.5,499.5,550.6,584,608.6,594.9,586.9,653.8,610.4,711.7,734.1,720.5,795.3,750.8,695.5,715.2,634.6,647.5,586.4,590,720.3,655.6,573.5,499.6,541.7,635.4,724.5,745.8,849,798,725.1,861.3,908.4,917.6,936.1,958.7,907.1,944.6,1002.9,994.4,975.7,967.3,887.8,998.3,1108.5,1117,1051.8,1021.3,1073.2,976.8,1063.4,967.4,982.7,956.5,1062.6,1054,1016.5,1066.4,1111.9,1167.8,1194.1,1190.8,1147.3,1154.9,1250,1254.3,1109.5,1005.9,1558.6,1357,1550.1,1775.1,1698.7,1664.2,1637.9,1835.8,1878.7,1850.3,1738,1784.1,1864,1964
30,                Net dividends,5.1,5.4,5.6,5.4,5.9,5.5,5.9,6.1,6,6,5.9,6.3,6.9,7.1,7.5,8,7,7.1,7.1,7,6.7,7.2,7.1,7.3,6.8,7.4,7.4,7.3,7.6,7,7.4,7.4,8,8.2,8.7,8.8,8.9,8.9,8.9,9.3,9.3,9.1,9.2,9.2,9.2,9.2,9.1,8.9,9.5,9.9,9.9,10,10.3,10.3,10.7,10.5,10.3,10.5,10.5,11,11.4,11.7,11.9,11.4,12.1,12.4,12.5,12.8,13.1,13.8,14.2,14.9,15,15.7,16.6,17.5,17.6,16.9,16.6,15.9,17.1,17.9,17.6,16.5,18.6,18.6,19.4,19.5,19,19.2,18.8,19.1,18.3,18.5,18,18.4,18.9,17.6,19,17.1,19.9,19.8,19.7,19.3,19.7,20.6,21.4,21.3,20.3,23,22.1,20.7,24.8,24.2,24.1,25.1,24.1,27.9,29,30.1,29.2,29.9,31.2,33.3,33.9,33.1,37.5,39.2,38.2,38.2,35.9,38.2,38.3,51.6,43,45.7,49.5,51.8,54,54.7,58.4,47.4,52.4,58,63,60.8,63.4,65.8,66.8,67.2,68,66.9,68.2,76,70.7,73.1,70.7,76,70.9,73.8,74.9,73.7,74.8,81.7,71.9,78.3,93.9,84.5,105.2,105.3,109,101.9,119.7,115.9,117.6,120,120.3,126.3,125.9,129.5,127.8,132.1,133.8,143.4,144.9,145.6,148.8,157.4,151.9,159.7,156.3,164,167.2,169.7,185.1,190,187,191.4,202.1,209.8,208,210.2,217,228.7,237.7,243.4,239.3,243.7,224.9,226.5,213.1,234.2,243.3,256.6,263.6,241.8,241.6,226.2,257.5,256.4,251.8,260,240.7,266.4,240.2,329.2,296,314.1,335.7,325.3,330.7,476.6,319,257.2,112.2,15.7,403,415.6,489.2,583.3,474.6,476.9,500.5,481.3,478.6,499.4,497.4,489.3,470.6,392.6,289.8,318.1,364.4,351.4,399.6,413.3,428.7,451.3,470.2,493.1,487.9,487.9,505.3,678.4,535.5,519.7,630.1,515.2,627.7,626.5,600.8,650.5,670.9,662.6,705.1,696.1,746.9,748,691.1,732.2,762.4,796.6,710.9,808.3,-134.5,253.6,668.4,342.1,648.1,618.5,687.1,717.5,732,825,909.2,864.4,1000.8,1109.5,1118.9,1209.2,1289.1,1241.3,1184.3,1218.4,1076,1097.4,1044.4,1128.1
31,                Undistributed profits with IVA and CCAdj,2.7,6,6.1,6.5,9.1,10.4,9.5,11.1,10.6,9.6,10.6,7.3,6.5,7.5,7.7,8.7,4.2,7.6,10.1,9.5,9.5,8,8,10.2,10.5,8.9,8.2,5.8,8,9.3,9.9,11.9,14.1,14.9,13.8,14.1,12.6,12.2,13,12.2,13.3,12.8,12.2,10.3,7.6,8.4,10.6,13.5,14.8,16.8,13.9,14.4,15.6,13.7,13.5,12.2,11.2,14.1,15.4,17.3,19,18.5,19.2,21.7,21.8,23.1,23.6,23.8,27.1,26.7,26.7,26.2,31.7,31.9,31.7,33.1,35,34.6,33.7,36,33.3,31.7,32.2,34.7,29,31.8,31.1,31.3,29.6,27.5,26,20.6,17.7,20.8,19.2,15.4,23.8,25.5,26.7,32,31.7,32.9,36,38.7,39.9,34.6,35.1,34.8,29.7,24.7,16.7,21,24.9,34.6,44.4,47.3,56.6,50.9,51.2,48.4,51.4,64.5,73.5,65.1,60.5,77.7,75.2,75.7,71.3,67.9,64.1,59.8,47,28.7,41.2,54.3,61.6,68.3,81.6,74.2,62.5,81.7,75.3,62.3,69.6,83,89.8,99.9,120.1,121.4,126.8,134.8,131.2,123.4,141.7,115.7,100,83,76.9,64.6,73.5,85.5,101.3,95.2,115.5,106.6,91.8,117.5,68.4,70.9,71.4,59.2,50.9,63.5,35.8,32.7,53,56.5,57.8,48.5,58.2,57.4,52.6,65.3,60.1,79.6,92.6,105.5,128.9,138.2,147.4,156.9,147.5,156.4,171.1,174.9,196,195.1,191.4,197.7,216.3,217.4,232.3,212.3,155.5,159,179.4,155.1,182.8,178.4,159.2,117.9,93.9,76.4,64,38,46.1,69.3,34.1,-13.5,89.8,112,151,178.8,188.9,128.9,188.5,185.4,214.9,258.7,277.9,118.3,267.9,396.6,498.2,696,331.1,304.8,306.1,167.5,220.9,238.4,134,166.2,107.8,90.6,222.9,166.3,102.9,107,251.9,317.2,360.1,394.4,449.4,384.7,296.4,410,438.2,424.5,448.2,470.8,401.8,266.2,467.4,474.7,345.6,452.1,260.1,371.8,507.8,466.5,380.8,358.7,368.2,280.7,316.5,219.4,291.6,224.4,300.2,257.3,305.5,258,1246.4,914.2,525.7,848.7,499.2,536.4,562.9,536.8,377.5,180.9,649.4,492.6,549.3,665.5,579.8,455,348.9,594.5,694.4,631.8,662,686.7,819.6,835.9
,Addenda:,,,,,,,,,,,,,,,,,,,,,,,,,,,,,,,,,,,,,,,,,,,,,,,,,,,,,,,,,,,,,,,,,,,,,,,,,,,,,,,,,,,,,,,,,,,,,,,,,,,,,,,,,,,,,,,,,,,,,,,,,,,,,,,,,,,,,,,,,,,,,,,,,,,,,,,,,,,,,,,,,,,,,,,,,,,,,,,,,,,,,,,,,,,,,,,,,,,,,,,,,,,,,,,,,,,,,,,,,,,,,,,,,,,,,,,,,,,,,,,,,,,,,,,,,,,,,,,,,,,,,,,,,,,,,,,,,,,,,,,,,,,,,,,,,,,,,,,,,,,,,,,,,,,,
,    Corporate business:,,,,,,,,,,,,,,,,,,,,,,,,,,,,,,,,,,,,,,,,,,,,,,,,,,,,,,,,,,,,,,,,,,,,,,,,,,,,,,,,,,,,,,,,,,,,,,,,,,,,,,,,,,,,,,,,,,,,,,,,,,,,,,,,,,,,,,,,,,,,,,,,,,,,,,,,,,,,,,,,,,,,,,,,,,,,,,,,,,,,,,,,,,,,,,,,,,,,,,,,,,,,,,,,,,,,,,,,,,,,,,,,,,,,,,,,,,,,,,,,,,,,,,,,,,,,,,,,,,,,,,,,,,,,,,,,,,,,,,,,,,,,,,,,,,,,,,,,,,,,,,,,,,,,
32,        Profits before tax (without IVA and CCAdj),32.6,30.7,30.3,33,34.5,36.3,35.7,34.4,31.3,27.5,28.6,28.2,32.3,38.8,47.1,51.8,50.9,42.9,38.9,41.9,39.7,37.8,38,42.1,44,44.1,43.3,33.9,36.2,37.3,39.5,42.3,47.5,48.2,49.3,51.3,49.6,50.8,48,50.8,51.5,49,47.9,44,38,38.7,43.5,49.8,53,57.9,51.8,50.3,55.7,51.3,49.1,46.8,45.8,48.9,51.7,56,55,54.4,56,56.3,56.3,60.1,61.8,63.2,66.2,66.4,68,67.3,74.3,76.9,78.7,83.8,86.5,86.7,86,84.2,81.1,81.2,82.1,86.9,90.1,92.1,92.4,94.5,94.4,91.4,88,86.5,79.2,79,81,77.5,87.1,89.8,93.3,95.5,101.1,102.2,105.8,116.3,129.1,131,128.7,136.1,138,144,155.5,138.6,119.2,127.5,153.5,160.4,177.5,179.3,181.4,180.4,193.6,208,216.2,219.7,215.7,251.1,255.4,268,267,270.5,268.1,261.5,268.3,222.5,239,257.6,260,241.7,249.3,230.5,200.5,202.4,200.7,187,191.3,224.3,243.7,248.6,273.1,271.1,248.7,251.3,248.8,243.5,257.3,251,220.7,221.2,221.6,240.3,251.9,287.3,307.8,303.4,312.1,328.9,337.8,353.8,351.8,332.1,315.2,307.6,316.1,331.6,343.4,327.2,335.5,345.9,357.3,357.3,381.7,401.3,385.2,406.1,393.6,430.2,428.4,488.5,494.1,514.3,550.4,573.3,583.5,595.6,620.3,611.7,638.2,655.8,652.3,657,679.2,694,732.9,731.7,652.7,651.3,664.6,639.5,664.3,675.3,678.4,686,677.2,662.5,632.5,590.9,592.1,594.4,549.4,458.9,547.4,622.7,675.8,754.5,795,786.4,846.9,898.3,1002.2,1081,1130.1,1160.4,1419.9,1436.5,1470.8,1594.7,1624.3,1667.3,1713,1610.9,1531.9,1568.3,1425.6,1379.7,1223.2,1232.1,1132,606.9,953.9,1076.1,1219.5,1378.1,1438.2,1437.8,1550.9,1544.9,1402.3,1466.3,1423.4,1538.6,1837.7,1793.3,1817.9,1791.1,1804.4,1786.1,1818.3,1876.5,1845.8,1982.9,1986.9,1981.8,1898.3,1931.1,1841.7,1698.3,1786.3,1841,1833.8,1819.2,1855.4,1846.5,1852.5,1630.5,1730.9,1838.4,1811.2,1807.4,1785.3,1801.4,1854.2,1927.1,1767.2,1697.5,2432.1,2289.5,2551.2,2934.5,2895.4,2880.9,3016.4,3217.7,3067.9,2898.4,2965.6,2959,3077.7,3193.4
33,        Profits after tax (without IVA and CCAdj),21.1,19.8,19.6,21.3,22.5,23.7,23.3,22.5,20.5,18,18.7,18.5,18.9,22.7,27.4,30.1,24.9,20.9,19,20.6,20.2,19.4,19.7,21.9,22.7,22.8,22.5,17.7,20.1,20.7,21.9,23.3,26.3,26.8,27.4,28.6,27.9,28.7,27.3,29,29.2,27.6,27.1,25.1,21.7,22.1,24.6,28,30.2,32.9,29.6,28.9,31.6,29.1,27.9,26.7,25.8,27.5,29,31.2,31.8,31.5,32.5,32.7,32.6,34.7,35.6,36.5,39.8,40,41,40.7,45.9,47.6,48.9,52.1,53.8,54.1,53.8,52.8,50.5,50.8,51.5,54.6,53.6,55,55.3,56.5,55.7,53.9,51.9,50.9,48.1,47.8,48.8,46.8,52.7,54.5,58.8,60.5,63.9,64.7,67.1,73.2,83.1,85,84.8,89.6,93.4,97.4,104,92.4,80.8,86.1,101.5,107.1,116.7,120,122.4,121.9,130.7,139.6,145.4,147.9,149.5,171.1,175.2,183,185.1,188.4,187,183.6,182.9,157.6,166.8,178.1,181.8,172.6,177.6,168.1,149.8,149.7,147.5,138.4,141.1,159,169.7,172.4,184.6,184,174,175.7,168.3,164.7,172.5,168.6,132.8,132.8,131.6,139,150.4,172.1,188,189.1,199.5,208.9,208.7,218.4,214.6,209.2,196.3,189,199.4,209.9,218.2,203.5,215.3,229.9,240.4,239.1,251.3,269,257.4,269.1,251.8,276,282,310.6,338.2,350.2,370.2,382.9,388.8,404.6,422.3,417.7,436.5,442.4,438.6,440.3,461,471.5,498.7,507.6,430.6,432.4,439.2,418.8,437.9,451.7,450.8,454.1,433.9,420.8,409.7,364.9,403.5,411.7,386.6,312.5,400,469,514,574.6,595.1,590,629.2,657.3,750.8,809.4,837.3,862.1,1044.2,1072.6,1100.6,1185.7,1203,1234.6,1261.8,1195.6,1113.3,1155,1049.1,1021,925.2,946.9,861.3,437.1,781.9,880.8,1013,1136.1,1181.8,1175.5,1271.7,1253.6,1117.1,1181.2,1167,1242.1,1517.9,1459.1,1476.1,1448.6,1443.9,1428.9,1453.9,1508.9,1442.2,1557.9,1589.4,1580.4,1484.6,1511.7,1450.3,1338.3,1411.7,1462.6,1447.3,1454.5,1576.5,1555.4,1542.8,1321.5,1448.5,1536.4,1511.8,1501.6,1498,1502.9,1568.4,1609,1498.6,1421.3,2093.1,1943.4,2199.4,2542.3,2489.7,2412.2,2487.2,2670.3,2523.2,2350.1,2389,2388.8,2494.9,2582.4
34,        Undistributed profits after tax (without IVA and CCAdj),15.7,14.1,13.7,15.5,16.2,17.7,16.8,15.8,13.9,11.5,12.3,11.6,11.3,15,19.1,21.5,17.3,13.1,11.3,12.9,12.9,11.5,11.9,13.9,15.1,14.5,14.2,9.5,11.7,12.8,13.7,15.2,17.7,17.9,18,19.1,18.2,18.9,17.6,18.7,18.8,17.3,16.6,14.5,11.1,11.5,14.2,17.9,19.2,21.4,17.8,16.8,19.3,16.9,15.4,14.5,13.9,15.4,16.8,18.6,18.9,18.3,19.1,19.7,18.7,20.3,21,21.6,24.1,23.5,24.2,23.4,29.1,30,30.3,32.5,33.8,34.5,34.4,33.9,30.4,29.9,31.1,35.1,31.6,32.9,32.2,33.1,32.7,30.5,28.6,26.9,24.7,23.8,25,22.6,28,31.5,34.1,38,38.5,39.5,41.9,48.4,57.4,57.8,56.3,61.1,66,66.7,74.2,64.4,48.6,54.7,70.4,74.6,84.9,84.1,85.1,83.2,93,101.1,105.4,105.4,105.9,128,126.6,131.7,134.6,137.2,137.6,130.8,129.5,90.2,110.3,118.5,117.7,105.5,107,96.1,73.7,85.2,76.9,61.1,57.7,77.3,84.9,85.3,94.8,94.6,83.6,86.3,73.7,60.1,74.1,66.6,29.7,24.4,31.3,37.9,48.7,73.3,87.3,77.6,102,101,79.4,98.7,67.5,61.2,44.5,45.1,30.6,44.6,49.2,32.2,43.1,51,62.5,57,79.4,92.4,80.1,80.8,56,79.7,81.6,98.8,127.7,128.5,151.3,152.5,151.8,163.9,162.5,152.1,167,167.1,149.3,140.7,160.3,167.3,184.4,176,91.4,84.8,96.5,70.8,104.8,116.5,133.2,105.2,62.7,30.1,8.2,-6.4,40.6,66.3,14,-54.9,24.4,82.7,150.5,182.3,223,142.6,210.3,203.9,261.9,323.9,355.9,247.9,589.5,669.6,855.2,1015.1,628.9,649.9,615.3,449.2,451.3,487,351.8,336.9,256.3,261.7,206.8,-197.7,178.7,336.7,562.4,667.7,697.1,697.4,733.9,696,515.5,560.3,521,578.4,805.3,754.1,765.8,514.8,729.4,488.8,587.1,594.8,559.2,658.1,704.9,654.7,514.7,587.7,484.3,334.5,408.2,491.7,546.2,515,535.6,474.6,562,250.1,1434.4,1147.4,710,1030.5,614.2,604.6,623.1,585.4,493,226.5,806.5,743.1,887,1075.2,980.5,781.4,906.4,1126.7,1017,770.4,977.4,939.8,1104,1093.2
35,        Inventory valuation adjustment,-9.7,-4.7,-4,-5.2,-2.9,-2.9,-2.8,-0.1,1.4,2.8,3,0.2,-0.7,-3.3,-7.3,-8.5,-8.7,-1,3.5,1.5,1.3,1.2,0.7,0.8,-0.4,-1.6,-2,0,0,0,-0.7,-0.5,-1.1,-0.9,-2.2,-2.8,-2.9,-3.6,-1.2,-3,-2.4,-1.5,-1.3,-0.9,-0.2,0.3,-0.2,-0.9,-0.6,-1,-0.3,0.8,-0.9,-0.6,0.5,0.3,-0.1,1,0.3,-0.2,0.4,-0.1,-0.8,0.5,1,0.2,-0.2,-0.8,-0.2,-0.1,-0.9,-0.7,-0.4,-1.1,-1.5,-1.9,-1.2,-2.7,-3.6,-1,-0.4,-1.3,-1.7,-2.8,-4.7,-2.9,-3,-4.1,-4.9,-5.2,-4.9,-8.4,-8.8,-4.6,-6.2,-6.6,-3.6,-4.7,-5.6,-4.5,-5.8,-5.8,-5.8,-9,-15.8,-21.1,-18.7,-22.7,-31.8,-36.7,-50,-34.4,-12.4,-7,-11.7,-11.1,-10.7,-14.9,-15.2,-15.6,-21.4,-15.3,-9.5,-16.6,-20.8,-23.2,-23.3,-27.5,-35.1,-40,-44.1,-41.4,-53.5,-34,-42.3,-38.8,-37.4,-24.3,-18.2,-18.6,-12.9,-4.7,-6.4,-6,2.2,-7.1,-15.2,-9.8,-6.6,-9.8,0.3,0.2,0.6,0.3,7.2,-8,19.7,13.9,5.4,-10.9,-13.9,-19.2,-15.7,-16.2,-18.3,-25.5,-26.1,-18.8,-33.7,-18.9,-0.4,-12.3,-3.6,2,-30.2,-19.8,11.4,8.6,1.4,-1.7,2.2,-10.6,-3.4,0.4,-6.1,-6.3,0.4,-4.1,-8.3,-10.2,-15.7,-15.6,-32.5,-28.2,-9.8,-2.6,2.1,-1.7,4.7,7.1,18.5,15.7,15.1,7,14.4,15.4,19.1,14.1,24.2,3.8,-14.5,-29.3,-25.2,-21,-9.1,-11.9,-18.4,-1.1,16.8,34.8,45.4,14.1,-11.3,-12.8,-21.3,-2.9,-11.1,-22.5,-24,-45.3,-40.9,-50.6,-40.8,-25.2,-39,-39.1,-29.3,-54.2,-36.9,-7.4,-45.4,-45.6,-19.6,-63.9,-120.7,-151.6,-60.4,193.3,92,7.3,-20.5,-68.3,-47.1,-36.4,-18.1,-88.9,-141.6,-83,-35.7,-11.8,-31.3,18.3,-24.9,-7.9,22.7,30.7,8.1,-5.9,-53.4,-6.5,23.4,43.9,79.3,24.3,58,70,68.7,-29.1,-2.3,-16.4,-48.2,-36,-45,-61.1,-58.4,-87.4,-38.6,-19.7,-10.8,0.9,27.5,-11,65.8,44.5,-48.5,-128.7,-225.2,-302.9,-280.2,-220,-240.9,-227.7,-16.8,100.4,45.3,40.5,19.5,53.3
36,        Capital consumption adjustment,-2.4,-2.5,-2.6,-2.8,-2.9,-3,-3,-3,-2.9,-2.9,-2.8,-2.8,-2.7,-2.7,-2.8,-2.8,-3,-3,-3,-3,-2.8,-2.7,-2.5,-2.3,-2.1,-1.9,-1.8,-1.6,-1.5,-1.3,-0.9,-0.4,0.2,0.5,0.6,0.5,0,-0.3,-0.4,-0.5,-0.4,-0.4,-0.5,-0.7,-0.9,-1,-1,-0.8,-0.6,-0.3,0,0.3,0.7,1,1.1,1.2,1.1,1.4,1.9,2.7,3.8,4.6,5.2,5.6,5.8,5.9,6.1,6.3,6.5,6.7,6.8,7,7.2,7.4,7.5,7.6,7.7,7.8,7.9,7.9,7.9,7.9,7.8,7.7,7.5,7.4,7.5,7.5,7.7,7.8,7.7,7.4,7.1,6.7,6.4,6,5.7,5.7,5.9,6.5,7.4,8,8.2,8.1,7.8,7.2,6.6,5.8,4.8,3.5,1.7,-0.4,-2.9,-4.9,-6.4,-7.3,-7.7,-7.9,-7.9,-7.6,-7.2,-6.9,-6.9,-7,-7.4,-7.8,-8.4,-9,-9.7,-10.9,-12.6,-14.9,-17.7,-18.6,-17.5,-14.5,-9.5,-5.5,-2.5,-0.4,0.7,2.9,6.1,10.5,15.9,21.1,25.9,30.4,34.7,39.9,46.3,53.6,62.1,66.5,67.1,63.6,56.3,51.3,48.6,48.3,50.4,51.6,52.1,51.7,50.3,48.9,47.6,46.3,45.2,43.1,40.2,36.5,31.8,27.9,24.6,22,20.1,18.6,17.6,17.1,17,17.1,17.5,18.1,19,20.8,23.5,27.2,31.7,35,37.2,38.2,37.9,38.4,39.4,41.2,43.5,46.1,49,52.1,55.6,58.2,60.1,61.2,61.5,62.9,65.3,68.8,73.4,75,73.8,69.8,62.9,57.7,54.2,52.5,48.9,44.7,61.5,91.4,118.8,119.2,114,106.5,89.1,107.9,106.1,100.7,86.4,77.8,69.8,54.9,-121.2,-134.5,-144.6,-160.3,-149.7,-160,-170.4,-182.2,-170.3,-175,-176.8,-176.8,-48.7,-53.5,-63.4,-67.5,-92.3,-80.1,-75.7,-82.3,-95.6,-101.4,-57.3,27.8,62.8,60.5,59.4,58.2,-146.5,-149,-148.4,-140.9,-154.3,-151.2,-150.3,-155.9,-142.1,-144.3,-145.4,-141.2,-129.7,-123.6,-120.7,-115.3,-97.1,-103.2,-100.5,-102.7,-86.1,-86.9,-89.5,173.3,99.8,95.1,96.2,103.4,96.5,94.3,93.3,90.4,-81.6,-97,-99.6,-101.2,-45.7,-51.6,-74.1,-105.9,-171.1,-208.5,-242.1,-250.4,-337.7,-341.5,-339.4,-346.4
,    Nonfinancial corporate business:,,,,,,,,,,,,,,,,,,,,,,,,,,,,,,,,,,,,,,,,,,,,,,,,,,,,,,,,,,,,,,,,,,,,,,,,,,,,,,,,,,,,,,,,,,,,,,,,,,,,,,,,,,,,,,,,,,,,,,,,,,,,,,,,,,,,,,,,,,,,,,,,,,,,,,,,,,,,,,,,,,,,,,,,,,,,,,,,,,,,,,,,,,,,,,,,,,,,,,,,,,,,,,,,,,,,,,,,,,,,,,,,,,,,,,,,,,,,,,,,,,,,,,,,,,,,,,,,,,,,,,,,,,,,,,,,,,,,,,,,,,,,,,,,,,,,,,,,,,,,,,,,,,,,
37,        Profits before tax (without IVA and CCAdj),30.7,28.8,28.4,30.9,32.1,33.7,32.8,31.4,28,24.2,25.3,24.9,29.1,35.6,43.8,48.4,47.5,39.3,35.1,37.7,35.7,33.5,33.4,37.3,39.3,39.4,38.4,28.9,31.1,32.2,34.5,37.1,42.2,42.9,44,46,44.2,45.2,42.2,44.9,45.5,43.1,41.9,37.9,31.7,32.3,37.1,43.1,46,50.6,43.8,42.1,47.3,42.8,40.7,38.4,37.2,40.7,43.5,47.7,46.6,45.7,47.3,47.8,47.9,51.8,53.5,54.9,57.6,57.7,59.2,58.4,65.6,68,69.4,73.5,75.7,76.1,75.2,73.5,70.2,70.1,70.9,75.3,77.5,79.1,79.3,81.7,80.7,78,74.6,72.4,65,64.5,65,60.3,70.2,72.4,74.7,76.9,81.8,82.5,86.8,96.5,108.4,109.7,107.7,114.7,117.4,123.5,134.1,118.1,98.6,107.6,133.8,138.9,153.8,154.5,155.2,152.7,164.1,176.2,182.7,184.2,178.5,210.8,213.1,224.8,224.5,227.3,226.3,220.9,230.6,187.9,206.6,223,227.5,212.3,222,204.8,179.8,178.8,174.9,156.6,157.5,187.9,210.1,215.1,238.7,237.1,216.4,215.7,206.7,199.3,211,203.2,166.4,163.9,166.5,184.7,196.1,221.7,237.5,234.7,250.7,260.8,265.2,281.2,270.9,249.5,229.6,225.9,228.1,238.7,249.8,236.8,225.6,231.2,237.6,235.3,240.7,262.4,250.9,274.2,274.8,307.6,304.7,349.3,361,384.9,408.2,437.4,441.3,444.4,462.2,460.2,475.5,489.1,488.2,502.9,504.4,514.2,548.6,541.1,483,487.2,500.9,474.5,482.7,498.8,486,490.6,483.1,478.7,442.7,400.3,381.9,373.1,324.6,220.6,277.8,341.9,394.6,464.5,487.1,477.2,523.9,566.9,648.5,721.4,759.8,770.7,975.6,1029.7,1014.2,1158.1,1170.6,1200.3,1279.9,1191.3,1171.5,1190.5,1058.3,1102.2,970.5,998.8,1034.4,637.3,673.5,689.9,764.8,941.2,1022.9,1044.2,1101.6,1052.8,992.1,1070.3,1048.3,1062.8,1300.4,1285.6,1281.7,1296.4,1350.3,1329.8,1333,1349.4,1318.2,1398.6,1477.6,1458.5,1349.1,1367,1373.5,1230.2,1317.6,1324.4,1304,1287.1,1363.4,1350.4,1336.1,1168.4,1262.1,1366.1,1338.6,1305.7,1223.1,1225.5,1275.1,1343.6,1238.1,1171.3,1875.3,1758,2021.9,2361.3,2292.2,2260.8,2400.4,2615,2457.1,2333.7,2373.9,2422.1,2531.6,2640.8
38,        Profits after tax (without IVA and CCAdj),19.6,18.4,18.1,19.7,20.6,21.6,21,20,17.9,15.5,16.1,15.9,16.6,20.4,25,27.7,22.5,18.5,16.4,17.8,17.4,16.5,16.6,18.7,19.6,19.5,19.1,14.3,16.8,17.4,18.6,19.9,22.7,23.2,23.8,24.9,24.1,24.7,23.2,24.8,25.1,23.6,22.9,20.9,17.6,18,20.6,23.8,25.2,27.7,23.9,23,25.8,23.4,22.3,21,20.1,22,23.5,25.7,26.1,25.6,26.5,26.8,27,29.2,30.1,30.9,33.9,33.9,34.9,34.6,39.7,41.3,42.2,44.7,45.8,46.2,45.8,44.7,42.7,42.9,43.5,46.2,44.6,45.7,45.8,47.2,45.7,44,42,40.5,37.5,37,37,34.1,40.4,41.9,45.1,46.8,49.9,50.5,53.2,58.8,67.8,69.2,68.8,73.2,77.1,81.1,87.2,76.3,64.7,70.3,86.1,90.2,98.4,100.8,102.3,100.8,108.2,115.5,120,121,121.7,141.1,143.6,150.5,153.2,155.8,155.3,152.3,153.9,130,141.1,150.4,155.6,147.7,154,145.3,130,127.6,124.7,112.8,112,127.9,140.6,143.1,156.5,156,145.9,145.8,135.3,131.4,137.1,132,93.2,92.1,92,99.2,110.4,125.3,138,139.2,152.7,158.1,160.6,170.6,158.2,147.6,135.2,130.1,133.6,139.4,147.8,138.9,130.1,143.8,152.2,149.2,152,167.4,156.4,174.7,177.4,196.6,203.8,226.4,244,260.2,270.2,287.7,300.3,308,319.4,319.1,329.7,334.9,334.2,345.2,350.5,356.5,378.4,377.6,321.7,328.5,339.1,321.6,317.4,334.1,321.3,319.6,307,303.2,288.9,245.4,264.4,259.1,222.9,128.9,194.3,254.8,302.8,362.6,368.7,360.9,395.2,424.4,486.6,546.5,571.5,578.8,715.8,778.1,758.2,875.3,880.7,902.6,969.3,905.3,874.9,897.4,791.4,848.3,729.1,768,815.5,499.5,537.7,535.5,601.2,749.2,831,848,892.8,834.8,779.8,857.9,857.2,841.8,1065.4,1040.1,1030.7,1044.6,1085.8,1067.4,1071.1,1082.5,1038.1,1103.1,1183.3,1165.9,1053.1,1071.1,1086.3,973.5,1047.4,1057,1044.6,1035.9,1160.3,1140.9,1116,946,1058.9,1148.5,1122.9,1090.3,1033.8,1025.5,1089.3,1130.9,1061.3,990.8,1638,1518.3,1761.8,2069.8,1989.9,1922.7,1976,2193.1,2053.7,1915.9,1936.5,1991.7,2090.3,2163
39,        Inventory valuation adjustment,-9.7,-4.7,-4,-5.2,-2.9,-2.9,-2.8,-0.1,1.4,2.8,3,0.2,-0.7,-3.3,-7.3,-8.5,-8.7,-1,3.5,1.5,1.3,1.2,0.7,0.8,-0.4,-1.6,-2,0,0,0,-0.7,-0.5,-1.1,-0.9,-2.2,-2.8,-2.9,-3.6,-1.2,-3,-2.4,-1.5,-1.3,-0.9,-0.2,0.3,-0.2,-0.9,-0.6,-1,-0.3,0.8,-0.9,-0.6,0.5,0.3,-0.1,1,0.3,-0.2,0.4,-0.1,-0.8,0.5,1,0.2,-0.2,-0.8,-0.2,-0.1,-0.9,-0.7,-0.4,-1.1,-1.5,-1.9,-1.2,-2.7,-3.6,-1,-0.4,-1.3,-1.7,-2.8,-4.7,-2.9,-3,-4.1,-4.9,-5.2,-4.9,-8.4,-8.8,-4.6,-6.2,-6.6,-3.6,-4.7,-5.6,-4.5,-5.8,-5.8,-5.8,-9,-15.8,-21.1,-18.7,-22.7,-31.8,-36.7,-50,-34.4,-12.4,-7,-11.7,-11.1,-10.7,-14.9,-15.2,-15.6,-21.4,-15.3,-9.5,-16.6,-20.8,-23.2,-23.3,-27.5,-35.1,-40,-44.1,-41.4,-53.5,-34,-42.3,-38.8,-37.4,-24.3,-18.2,-18.6,-12.9,-4.7,-6.4,-6,2.2,-7.1,-15.2,-9.8,-6.6,-9.8,0.3,0.2,0.6,0.3,7.2,-8,19.7,13.9,5.4,-10.9,-13.9,-19.2,-15.7,-16.2,-18.3,-25.5,-26.1,-18.8,-33.7,-18.9,-0.4,-12.3,-3.6,2,-30.2,-19.8,11.4,8.6,1.4,-1.7,2.2,-10.6,-3.4,0.4,-6.1,-6.3,0.4,-4.1,-8.3,-10.2,-15.7,-15.6,-32.5,-28.2,-9.8,-2.6,2.1,-1.7,4.7,7.1,18.5,15.7,15.1,7,14.4,15.4,19.1,14.1,24.2,3.8,-14.5,-29.3,-25.2,-21,-9.1,-11.9,-18.4,-1.1,16.8,34.8,45.4,14.1,-11.3,-12.8,-21.3,-2.9,-11.1,-22.5,-24,-45.3,-40.9,-50.6,-40.8,-25.2,-39,-39.1,-29.3,-54.2,-36.9,-7.4,-45.4,-45.6,-19.6,-63.9,-120.7,-151.6,-60.4,193.3,92,7.3,-20.5,-68.3,-47.1,-36.4,-18.1,-88.9,-141.6,-83,-35.7,-11.8,-31.3,18.3,-24.9,-7.9,22.7,30.7,8.1,-5.9,-53.4,-6.5,23.4,43.9,79.3,24.3,58,70,68.7,-29.1,-2.3,-16.4,-48.2,-36,-45,-61.1,-58.4,-87.4,-38.6,-19.7,-10.8,0.9,27.5,-11,65.8,44.5,-48.5,-128.7,-225.2,-302.9,-280.2,-220,-240.9,-227.7,-16.8,100.4,45.3,40.5,19.5,53.3
40,        Capital consumption adjustment,-2.2,-2.3,-2.4,-2.6,-2.7,-2.7,-2.8,-2.8,-2.7,-2.7,-2.6,-2.5,-2.5,-2.5,-2.5,-2.6,-2.7,-2.7,-2.7,-2.7,-2.5,-2.4,-2.2,-2,-1.8,-1.6,-1.5,-1.3,-1.2,-1,-0.6,-0.1,0.5,0.8,0.9,0.7,0.3,0,-0.1,-0.2,-0.1,-0.2,-0.2,-0.4,-0.6,-0.6,-0.6,-0.5,-0.3,0,0.3,0.6,1,1.2,1.3,1.4,1.3,1.6,2.1,2.8,3.9,4.7,5.4,5.8,6,6.1,6.3,6.4,6.6,6.7,6.9,7.1,7.3,7.5,7.7,7.8,7.9,8,8.1,8.1,8.1,8.1,8,7.8,7.7,7.6,7.6,7.7,7.8,7.9,7.8,7.6,7.2,6.9,6.6,6.3,6,5.9,6.2,6.7,7.6,8.1,8.3,8.1,7.7,7.1,6.4,5.6,4.6,3.4,1.7,-0.3,-2.6,-4.5,-5.8,-6.7,-7,-7.1,-7,-6.6,-6.1,-5.8,-5.8,-6,-6.5,-7,-7.6,-8.1,-8.7,-9.7,-11.1,-12.9,-15.1,-15.7,-14.5,-11.7,-7.1,-3.3,-0.2,2.2,3.8,6.2,9.5,13.5,18.3,23,27.7,32.4,37,42.4,48.6,55.7,63.5,67.6,68.1,64.8,57.8,53,50.4,50,51.8,53.1,53.7,53.9,53.1,52.2,51.2,50.2,49.1,47.6,45.6,43.3,40.6,38.1,35.8,33.6,31.7,30.5,30.1,30.5,31.7,32.6,33.3,33.6,33.7,34.9,37.2,40.6,45,47.9,49.2,48.9,47,46.3,46.7,48.3,51.1,53.2,54.6,55.2,55.2,55.4,55.7,56.3,57.1,58.5,60.5,63.1,66.2,67,65.5,61.7,55.5,50.9,47.8,46.2,41.7,37.5,51.9,79.1,101.9,103.1,100.1,95.4,81.7,100.2,100.4,97.7,87.9,82.8,78,66.8,-88.1,-99.2,-108.8,-124.5,-117.3,-127.9,-137.2,-147,-134,-136.6,-137.2,-136.8,-22,-26.4,-34.9,-37.3,-56.2,-43.2,-39,-45.6,-59.4,-65.8,-25.7,52.1,86.9,86.4,87,87.6,-98,-99.7,-98.7,-92.1,-105.5,-103.7,-103.6,-109.3,-96.8,-98.3,-98.2,-92.8,-80.7,-74.1,-71.1,-66.8,-52.6,-60.5,-59.5,-63,-49.5,-50.9,-54.4,181.5,111.4,106.7,109.7,120.1,124.3,128.5,133.1,134.3,-17.6,-29.4,-30.8,-32.6,13.4,8.2,-11.1,-38.4,-97.2,-129.5,-158.2,-166,-243.8,-248.1,-245.8,-252.3
,"    Value added, in billions of chained (2017) dollars:",,,,,,,,,,,,,,,,,,,,,,,,,,,,,,,,,,,,,,,,,,,,,,,,,,,,,,,,,,,,,,,,,,,,,,,,,,,,,,,,,,,,,,,,,,,,,,,,,,,,,,,,,,,,,,,,,,,,,,,,,,,,,,,,,,,,,,,,,,,,,,,,,,,,,,,,,,,,,,,,,,,,,,,,,,,,,,,,,,,,,,,,,,,,,,,,,,,,,,,,,,,,,,,,,,,,,,,,,,,,,,,,,,,,,,,,,,,,,,,,,,,,,,,,,,,,,,,,,,,,,,,,,,,,,,,,,,,,,,,,,,,,,,,,,,,,,,,,,,,,,,,,,,,,
41,        Gross value added of nonfinancial corporate business2,690.8,704.5,704.8,715.6,749.1,759.7,757.9,767.5,758.2,748.8,759.3,740.3,784.4,834.7,878,898.7,888.4,890,899.9,906.9,914.1,913.4,915.5,978.5,1003.4,1015.3,1008.8,969.4,970.6,976,987.2,1023.3,1070.4,1105.3,1118.9,1136.7,1131.6,1146.1,1138.6,1167.9,1172.9,1165.2,1163.5,1144.6,1091.2,1088.8,1122,1168.2,1210.5,1264.3,1242.8,1255.7,1297.8,1287,1285,1272.1,1262.6,1300.2,1329.6,1372.5,1394,1418.6,1438.8,1459.7,1477.4,1509.2,1530,1546.4,1582.7,1609.7,1641.7,1654.1,1710.2,1735.6,1768.5,1818.8,1860.6,1881.6,1897.1,1913.5,1915.9,1927.5,1946.1,1979.3,2015.6,2057.6,2089.1,2110.8,2137.5,2150,2161.5,2155,2129.2,2133.8,2150.6,2115.4,2185.2,2200.3,2221.5,2258.2,2324.9,2363.8,2397.6,2449.8,2525.4,2527.9,2525.2,2538.9,2523.3,2520.8,2486.5,2434.1,2384.5,2423.2,2491.8,2527.3,2629.9,2647.4,2674.3,2679.9,2740.4,2842.9,2923,2911.7,2939.9,3054.2,3062,3099,3118.3,3103.8,3115.4,3138.4,3149.7,3090.2,3117.7,3202.9,3251.5,3270,3321.7,3292.5,3249.6,3264.7,3259.3,3241.8,3287,3371.8,3453.9,3548.1,3672,3738.6,3782.2,3835.9,3859.3,3902.3,3985,4003.9,4035.6,4042,4073.3,4133.9,4172.4,4253.6,4332.9,4392,4462.3,4528.1,4550.4,4640.1,4623.3,4615.5,4639.6,4666,4693.3,4738.2,4725.1,4719.8,4677.3,4688.2,4706.9,4738,4816.7,4866.1,4886.6,4966.8,4926.4,5031,5059.5,5175,5234.2,5354.8,5406.6,5500,5523.7,5571.9,5662.4,5719.5,5782.2,5872.9,5973.3,6068.1,6145.1,6266.8,6389.3,6490.3,6530.3,6628.6,6726.5,6785.2,6905.5,6963.6,7015.4,7129.9,7314.7,7312.5,7380.6,7353,7259.5,7208.8,7116.9,7071.7,7142.1,7233.8,7256.2,7319.5,7278.8,7352.1,7448.4,7530.9,7636.6,7738.3,7858,7842.1,7948.1,8047.7,8013.1,8214.9,8319.6,8292.4,8407.3,8449.5,8497.5,8508.9,8381.9,8465.7,8421.5,8402.2,8495.5,8175.6,7715.4,7705.4,7752,7949.3,8018.2,8084.1,8220.7,8151.9,8205.7,8357,8378.1,8416,8629.5,8684.9,8569.7,8710.3,8830,8884.9,8829.8,8875.7,8945.4,9076.4,9238.6,9362.4,9443.5,9408.2,9486.8,9476.4,9543.2,9420.2,9524,9569.7,9665.2,9770.9,9772.4,9877.2,10008.7,10037.7,10196.8,10302,10312.9,10356,10418.2,10491.1,10357.4,9195.5,9879,10406.2,10601.8,10768.2,10951.5,11091.9,11113.8,11130.6,11268.1,11265,11382.9,11418.2,11528.1,11754.7
42,            Consumption of fixed capital3,60.2,61.3,62.5,63.8,65.1,66.3,67.4,68.3,69.2,70,70.7,71.5,72.2,72.9,73.7,74.5,75.3,76.1,76.9,77.6,78.3,79.1,80,81.1,82.2,83.3,84.4,85.5,86.5,87.6,88.6,89.7,90.8,91.9,93.1,94.3,95.6,96.9,98.2,99.5,100.8,102.2,103.7,105.3,106.9,108.3,109.4,110.3,110.8,111.4,112,112.6,113.1,113.9,114.8,115.8,117,118.2,119.4,120.6,121.8,123,124.4,125.9,127.5,129.1,130.7,132.3,133.9,135.6,137.6,139.7,141.9,144.4,147,149.9,152.9,155.9,158.9,161.9,164.9,167.8,170.6,173.4,176.1,179,182,185.1,188.3,191.4,194.4,197.3,200.1,202.7,205.2,207.5,209.6,211.8,214,216.3,218.5,221.4,224.9,228.9,233.3,237.4,241.1,244.7,248,251.1,253.9,256.5,258.7,260.9,262.9,264.9,266.7,268.9,271.4,274.3,277.5,280.8,284.2,287.8,291.5,295.4,299.5,303.8,308.3,312.8,317.1,321.4,325.5,329.5,333.4,337.1,340.7,344.4,348.4,352.6,357.1,361.1,364.7,367.9,370.7,373.8,377.1,380.7,384.5,389.1,394.3,400.1,406.7,412.6,417.9,422.5,426.4,431.2,436.9,443.6,451.3,455,454.8,450.5,460.4,467.7,473.3,477.5,480.5,483.9,487.7,492.1,496.9,501.5,505.8,509.8,513.5,517.1,520.7,524.1,527.5,531.2,535.4,540.1,545.2,550.5,556.1,562,568.1,574.9,582.3,590.3,598.9,607.8,616.8,626,635.3,645.3,655.9,667.1,678.9,691,703.5,716.4,729.5,742.8,756.1,769.4,782.9,797.3,812.7,829.1,846.5,861.3,873.5,883,904,917,922.9,921.8,934.8,944.7,952.6,958.2,961.1,964.7,969.5,975.7,982.4,989.3,996.9,1005.3,1013.8,1023,1033.1,1043.4,1054.6,1066.2,1078,1090.1,1102,1113.1,1123.6,1133.7,1143.6,1153.8,1163.1,1170.4,1174.4,1175.8,1177,1179,1181.8,1185.3,1190.5,1197.2,1205,1213.2,1222.5,1232.9,1243.5,1254.5,1265.4,1276.2,1287.7,1299.2,1310.3,1322.1,1334.6,1347.7,1361.6,1375.4,1388.1,1400.2,1412.4,1424.8,1437.2,1449.8,1462.4,1475,1487.9,1501.8,1516.5,1531.4,1547.5,1564.3,1580.9,1597.3,1613.4,1629.2,1644.3,1658.8,1672,1680.6,1688.4,1699.9,1714.1,1730.2,1744.4,1757.4,1772.1,1790.7,1811.6,1834.4,1858.3,1878.1,1897.2,1915.6
43,            Net value added4,630.6,643.2,642.2,651.8,684,693.4,690.5,699.1,689,678.8,688.5,668.9,712.2,761.8,804.3,824.2,813.1,813.9,823.1,829.3,835.7,834.3,835.4,897.4,921.2,932,924.4,884,884.1,888.5,898.6,933.6,979.6,1013.4,1025.9,1042.4,1036,1049.2,1040.4,1068.4,1072,1062.9,1059.8,1039.4,984.3,980.5,1012.5,1057.9,1099.7,1152.9,1130.8,1143.2,1184.7,1173.1,1170.2,1156.3,1145.6,1182,1210.2,1251.9,1272.2,1295.5,1314.4,1333.8,1349.9,1380.1,1399.4,1414.1,1448.9,1474.1,1504.1,1514.4,1568.3,1591.2,1621.5,1668.9,1707.6,1725.6,1738.1,1751.6,1751.1,1759.8,1775.5,1805.9,1839.5,1878.6,1907.1,1925.8,1949.2,1958.6,1967,1957.7,1929.1,1931.1,1945.5,1907.9,1975.5,1988.4,2007.5,2042,2106.4,2142.4,2172.7,2220.9,2292.1,2290.5,2284,2294.3,2275.3,2269.6,2232.6,2177.7,2125.7,2162.3,2228.8,2262.5,2363.1,2378.5,2402.8,2405.7,2462.9,2562.1,2638.7,2623.9,2648.4,2758.8,2762.5,2795.2,2810,2791,2798.3,2817.1,2824.2,2760.7,2784.3,2865.8,2910.8,2925.5,2973.2,2939.8,2892.5,2903.7,2894.6,2874,2916.3,2998.1,3076.9,3167.4,3287.5,3349.5,3388,3435.7,3452.6,3489.6,3567.1,3581.4,3609.3,3610.8,3636.4,3690.2,3721.2,3798.6,3878.1,3941.5,4001.9,4060.4,4077.2,4162.6,4142.8,4131.7,4151.9,4173.9,4196.3,4236.7,4219.3,4210,4163.8,4171.1,4186.3,4213.9,4289.3,4334.8,4351.2,4426.7,4381.3,4480.5,4503.3,4613,4666.1,4779.9,4824.3,4909.8,4924.8,4964.2,5045.7,5093.6,5146.9,5227.6,5317.5,5401.1,5466.3,5575.7,5685.8,5773.9,5800.8,5885.8,5970.4,6015.8,6122.6,6166.4,6202.7,6300.9,6468.3,6451.2,6507.1,6469.9,6355.5,6291.8,6194,6150,6207.3,6289,6303.6,6361.3,6317.7,6387.4,6478.8,6555.2,6654.1,6749,6861.1,6836.8,6934.3,7024.7,6980,7171.5,7265,7226.2,7329.3,7359.4,7395.5,7395.8,7258.3,7332,7277.9,7248.4,7332.3,7005.2,6541,6529.6,6575,6770.2,6836.5,6898.8,7030.2,6954.7,7000.6,7143.8,7155.6,7183.1,7386,7430.4,7304.3,7434,7542.3,7585.6,7519.5,7553.7,7610.8,7728.7,7877,7987,8055.4,8008,8074.4,8051.7,8106,7970.5,8061.6,8094.8,8177.3,8269.1,8255.9,8345.9,8461.2,8473.5,8615.9,8704.7,8699.4,8726.8,8773.9,8832.3,8685.3,7515,8190.7,8706.3,8887.7,9038.1,9207.1,9334.5,9341.7,9340,9456.5,9430.6,9524.6,9540,9630.8,9839.1
,,,,,,,,,,,,,,,,,,,,,,,,,,,,,,,,,,,,,,,,,,,,,,,,,,,,,,,,,,,,,,,,,,,,,,,,,,,,,,,,,,,,,,,,,,,,,,,,,,,,,,,,,,,,,,,,,,,,,,,,,,,,,,,,,,,,,,,,,,,,,,,,,,,,,,,,,,,,,,,,,,,,,,,,,,,,,,,,,,,,,,,,,,,,,,,,,,,,,,,,,,,,,,,,,,,,,,,,,,,,,,,,,,,,,,,,,,,,,,,,,,,,,,,,,,,,,,,,,,,,,,,,,,,,,,,,,,,,,,,,,,,,,,,,,,,,,,,,,,,,,,,,,,,,,
Legend/Footnotes,,,,,,,,,,,,,,,,,,,,,,,,,,,,,,,,,,,,,,,,,,,,,,,,,,,,,,,,,,,,,,,,,,,,,,,,,,,,,,,,,,,,,,,,,,,,,,,,,,,,,,,,,,,,,,,,,,,,,,,,,,,,,,,,,,,,,,,,,,,,,,,,,,,,,,,,,,,,,,,,,,,,,,,,,,,,,,,,,,,,,,,,,,,,,,,,,,,,,,,,,,,,,,,,,,,,,,,,,,,,,,,,,,,,,,,,,,,,,,,,,,,,,,,,,,,,,,,,,,,,,,,,,,,,,,,,,,,,,,,,,,,,,,,,,,,,,,,,,,,,,,,,,,,,,
1. Estimates for financial corporate business and nonfinancial corporate business for 2000 and earlier periods are based on the 1987 Standard Industrial Classification (SIC); later estimates for these industries are based on the North American Industry Classification System (NAICS).,,,,,,,,,,,,,,,,,,,,,,,,,,,,,,,,,,,,,,,,,,,,,,,,,,,,,,,,,,,,,,,,,,,,,,,,,,,,,,,,,,,,,,,,,,,,,,,,,,,,,,,,,,,,,,,,,,,,,,,,,,,,,,,,,,,,,,,,,,,,,,,,,,,,,,,,,,,,,,,,,,,,,,,,,,,,,,,,,,,,,,,,,,,,,,,,,,,,,,,,,,,,,,,,,,,,,,,,,,,,,,,,,,,,,,,,,,,,,,,,,,,,,,,,,,,,,,,,,,,,,,,,,,,,,,,,,,,,,,,,,,,,,,,,,,,,,,,,,,,,,,,,,,,,,
"2. The current-dollar gross value added is deflated using the gross value added chain-type price index for nonfinancial industries from the GDP-by-industry accounts. For periods when this price index is not available, the chain-type price index for GDP goods and structures is used.",,,,,,,,,,,,,,,,,,,,,,,,,,,,,,,,,,,,,,,,,,,,,,,,,,,,,,,,,,,,,,,,,,,,,,,,,,,,,,,,,,,,,,,,,,,,,,,,,,,,,,,,,,,,,,,,,,,,,,,,,,,,,,,,,,,,,,,,,,,,,,,,,,,,,,,,,,,,,,,,,,,,,,,,,,,,,,,,,,,,,,,,,,,,,,,,,,,,,,,,,,,,,,,,,,,,,,,,,,,,,,,,,,,,,,,,,,,,,,,,,,,,,,,,,,,,,,,,,,,,,,,,,,,,,,,,,,,,,,,,,,,,,,,,,,,,,,,,,,,,,,,,,,,,,
"3. Chained-dollar consumption of fixed capital of nonfinancial corporate business is calculated as the product of the chain-type quantity index and the 2017 current-dollar value of the corresponding series, divided by 100.",,,,,,,,,,,,,,,,,,,,,,,,,,,,,,,,,,,,,,,,,,,,,,,,,,,,,,,,,,,,,,,,,,,,,,,,,,,,,,,,,,,,,,,,,,,,,,,,,,,,,,,,,,,,,,,,,,,,,,,,,,,,,,,,,,,,,,,,,,,,,,,,,,,,,,,,,,,,,,,,,,,,,,,,,,,,,,,,,,,,,,,,,,,,,,,,,,,,,,,,,,,,,,,,,,,,,,,,,,,,,,,,,,,,,,,,,,,,,,,,,,,,,,,,,,,,,,,,,,,,,,,,,,,,,,,,,,,,,,,,,,,,,,,,,,,,,,,,,,,,,,,,,,,,,
4. Chained-dollar net value added of nonfinancial corporate business is the difference between the gross product and the consumption of fixed capital.,,,,,,,,,,,,,,,,,,,,,,,,,,,,,,,,,,,,,,,,,,,,,,,,,,,,,,,,,,,,,,,,,,,,,,,,,,,,,,,,,,,,,,,,,,,,,,,,,,,,,,,,,,,,,,,,,,,,,,,,,,,,,,,,,,,,,,,,,,,,,,,,,,,,,,,,,,,,,,,,,,,,,,,,,,,,,,,,,,,,,,,,,,,,,,,,,,,,,,,,,,,,,,,,,,,,,,,,,,,,,,,,,,,,,,,,,,,,,,,,,,,,,,,,,,,,,,,,,,,,,,,,,,,,,,,,,,,,,,,,,,,,,,,,,,,,,,,,,,,,,,,,,,,,,
IVA Inventory valuation adjustment,,,,,,,,,,,,,,,,,,,,,,,,,,,,,,,,,,,,,,,,,,,,,,,,,,,,,,,,,,,,,,,,,,,,,,,,,,,,,,,,,,,,,,,,,,,,,,,,,,,,,,,,,,,,,,,,,,,,,,,,,,,,,,,,,,,,,,,,,,,,,,,,,,,,,,,,,,,,,,,,,,,,,,,,,,,,,,,,,,,,,,,,,,,,,,,,,,,,,,,,,,,,,,,,,,,,,,,,,,,,,,,,,,,,,,,,,,,,,,,,,,,,,,,,,,,,,,,,,,,,,,,,,,,,,,,,,,,,,,,,,,,,,,,,,,,,,,,,,,,,,,,,,,,,,
CCAdj Capital consumption adjustment,,,,,,,,,,,,,,,,,,,,,,,,,,,,,,,,,,,,,,,,,,,,,,,,,,,,,,,,,,,,,,,,,,,,,,,,,,,,,,,,,,,,,,,,,,,,,,,,,,,,,,,,,,,,,,,,,,,,,,,,,,,,,,,,,,,,,,,,,,,,,,,,,,,,,,,,,,,,,,,,,,,,,,,,,,,,,,,,,,,,,,,,,,,,,,,,,,,,,,,,,,,,,,,,,,,,,,,,,,,,,,,,,,,,,,,,,,,,,,,,,,,,,,,,,,,,,,,,,,,,,,,,,,,,,,,,,,,,,,,,,,,,,,,,,,,,,,,,,,,,,,,,,,,,,